,,rel_nodes_new,rel_edges_new,max_nodes_new,pos_max_nodes_new,min_nodes_new,pos_min_nodes_new,max_edges_new,pos_max_edges_new,min_edges_new,pos_min_edges_new
7,"tensor(66, device='cuda:7')","tensor([0., 0., 0.,  ..., 0., 0., 0.])","tensor([[0., 0., 0.,  ..., 0., 0., 0.],
        [0., 0., 0.,  ..., 0., 0., 0.],
        [0., 0., 0.,  ..., 0., 0., 0.],
        ...,
        [0., 0., 0.,  ..., 0., 0., 0.],
        [0., 0., 0.,  ..., 0., 0., 0.],
        [0., 0., 0.,  ..., 0., 0., 0.]])",0.2537919580936432,686,-0.11707890033721924,1869,435.3544921875,"tensor([[  6, 526]])",-460.98193359375,"tensor([[ 11, 526]])"
3,"tensor(1736, device='cuda:7')","tensor([ 0.0000e+00,  0.0000e+00,  0.0000e+00,  ...,  0.0000e+00,
         0.0000e+00, -5.5296e-07])","tensor([[ 0.0000e+00,  0.0000e+00,  0.0000e+00,  ...,  0.0000e+00,
          0.0000e+00, -2.0032e-08],
        [ 0.0000e+00,  0.0000e+00,  0.0000e+00,  ...,  0.0000e+00,
          0.0000e+00, -1.4561e-07],
        [ 0.0000e+00,  0.0000e+00,  0.0000e+00,  ...,  0.0000e+00,
          0.0000e+00,  3.0653e-07],
        ...,
        [ 0.0000e+00,  0.0000e+00,  0.0000e+00,  ...,  0.0000e+00,
          0.0000e+00, -1.2417e-07],
        [ 0.0000e+00,  0.0000e+00,  0.0000e+00,  ...,  0.0000e+00,
          0.0000e+00,  7.1738e-08],
        [ 0.0000e+00,  0.0000e+00,  0.0000e+00,  ...,  0.0000e+00,
          0.0000e+00,  5.5900e-09]])",2.7395267486572266,1007,-2.8873157501220703,1381,67.6685791015625,"tensor([[   2, 1007]])",-29.797847747802734,"tensor([[  19, 1007]])"
19,"tensor(1247, device='cuda:7')","tensor([0.0000e+00, 0.0000e+00, 0.0000e+00,  ..., 0.0000e+00, 0.0000e+00,
        4.6992e-06])","tensor([[ 0.0000e+00,  0.0000e+00,  0.0000e+00,  ...,  0.0000e+00,
          0.0000e+00,  3.7883e-07],
        [ 0.0000e+00,  0.0000e+00,  0.0000e+00,  ...,  0.0000e+00,
          0.0000e+00, -6.5387e-07],
        [ 0.0000e+00,  0.0000e+00,  0.0000e+00,  ...,  0.0000e+00,
          0.0000e+00,  1.0670e-05],
        ...,
        [ 0.0000e+00,  0.0000e+00,  0.0000e+00,  ...,  0.0000e+00,
          0.0000e+00,  2.3701e-06],
        [ 0.0000e+00,  0.0000e+00,  0.0000e+00,  ...,  0.0000e+00,
          0.0000e+00, -8.0768e-07],
        [ 0.0000e+00,  0.0000e+00,  0.0000e+00,  ...,  0.0000e+00,
          0.0000e+00, -4.5808e-08]])",0.7549700736999512,1247,-0.26879119873046875,961,47.68696212768555,"tensor([[  3, 961]])",-49.39606857299805,"tensor([[  8, 961]])"
