,,rel_nodes_new,rel_edges_new,max_nodes_new,pos_max_nodes_new,min_nodes_new,pos_min_nodes_new,max_edges_new,pos_max_edges_new,min_edges_new,pos_min_edges_new
7,"tensor(66, device='cuda:7')","tensor([0., 0., 0.,  ..., 0., 0., 0.])","tensor([[0., 0., 0.,  ..., 0., 0., 0.],
        [0., 0., 0.,  ..., 0., 0., 0.],
        [0., 0., 0.,  ..., 0., 0., 0.],
        ...,
        [0., 0., 0.,  ..., 0., 0., 0.],
        [0., 0., 0.,  ..., 0., 0., 0.],
        [0., 0., 0.,  ..., 0., 0., 0.]])",0.2539387345314026,686,-0.142036572098732,2756,577.9728393554688,"tensor([[  6, 526]])",-612.0743408203125,"tensor([[ 11, 526]])"
22,"tensor(1044, device='cuda:7')","tensor([0.0000e+00, 0.0000e+00, 0.0000e+00,  ..., 0.0000e+00, 0.0000e+00,
        1.1114e-06])","tensor([[ 0.0000e+00,  0.0000e+00,  0.0000e+00,  ...,  0.0000e+00,
          0.0000e+00,  2.6676e-09],
        [ 0.0000e+00,  0.0000e+00,  0.0000e+00,  ...,  0.0000e+00,
          0.0000e+00, -1.2569e-07],
        [ 0.0000e+00,  0.0000e+00,  0.0000e+00,  ...,  0.0000e+00,
          0.0000e+00,  3.3384e-06],
        ...,
        [ 0.0000e+00,  0.0000e+00,  0.0000e+00,  ...,  0.0000e+00,
          0.0000e+00,  6.5879e-07],
        [ 0.0000e+00,  0.0000e+00,  0.0000e+00,  ...,  0.0000e+00,
          0.0000e+00, -2.7300e-07],
        [ 0.0000e+00,  0.0000e+00,  0.0000e+00,  ...,  0.0000e+00,
          0.0000e+00, -4.3106e-08]])",0.8021678924560547,2805,-0.6880934238433838,1709,12.090291976928711,"tensor([[  19, 2805]])",-26.89667320251465,"tensor([[   9, 2805]])"
23,"tensor(2325, device='cuda:7')","tensor([0.0000e+00, 0.0000e+00, 0.0000e+00,  ..., 0.0000e+00, 0.0000e+00,
        7.9039e-07])","tensor([[ 0.0000e+00,  0.0000e+00,  0.0000e+00,  ...,  0.0000e+00,
          0.0000e+00,  8.3388e-09],
        [ 0.0000e+00,  0.0000e+00,  0.0000e+00,  ...,  0.0000e+00,
          0.0000e+00, -1.0920e-07],
        [ 0.0000e+00,  0.0000e+00,  0.0000e+00,  ...,  0.0000e+00,
          0.0000e+00,  2.4993e-06],
        ...,
        [ 0.0000e+00,  0.0000e+00,  0.0000e+00,  ...,  0.0000e+00,
          0.0000e+00,  4.8075e-07],
        [ 0.0000e+00,  0.0000e+00,  0.0000e+00,  ...,  0.0000e+00,
          0.0000e+00, -1.9521e-07],
        [ 0.0000e+00,  0.0000e+00,  0.0000e+00,  ...,  0.0000e+00,
          0.0000e+00, -2.9707e-08]])",0.6423169374465942,2325,-0.36731481552124023,121,33.3065071105957,"tensor([[   8, 2552]])",-33.65534210205078,"tensor([[   6, 2552]])"
