,,rel_nodes_new,rel_edges_new,max_nodes_new,pos_max_nodes_new,min_nodes_new,pos_min_nodes_new,max_edges_new,pos_max_edges_new,min_edges_new,pos_min_edges_new
7,"tensor(66, device='cuda:7')","tensor([0., 0., 0.,  ..., 0., 0., 0.])","tensor([[0., 0., 0.,  ..., 0., 0., 0.],
        [0., 0., 0.,  ..., 0., 0., 0.],
        [0., 0., 0.,  ..., 0., 0., 0.],
        ...,
        [0., 0., 0.,  ..., 0., 0., 0.],
        [0., 0., 0.,  ..., 0., 0., 0.],
        [0., 0., 0.,  ..., 0., 0., 0.]])",0.24978917837142944,686,-0.13388782739639282,2756,549.0820922851562,"tensor([[  6, 526]])",-581.5426025390625,"tensor([[ 11, 526]])"
3,"tensor(1736, device='cuda:7')","tensor([ 0.0000e+00,  0.0000e+00, -1.6757e-02,  ...,  0.0000e+00,
         0.0000e+00,  2.2564e-06])","tensor([[ 0.0000e+00,  0.0000e+00,  2.4664e-02,  ...,  0.0000e+00,
          0.0000e+00,  1.5757e-08],
        [ 0.0000e+00,  0.0000e+00,  2.3406e-02,  ...,  0.0000e+00,
          0.0000e+00, -2.2732e-07],
        [ 0.0000e+00,  0.0000e+00, -2.7468e-01,  ...,  0.0000e+00,
          0.0000e+00,  6.4407e-06],
        ...,
        [ 0.0000e+00,  0.0000e+00,  7.0315e-03,  ...,  0.0000e+00,
          0.0000e+00,  1.2998e-06],
        [ 0.0000e+00,  0.0000e+00, -5.2134e-02,  ...,  0.0000e+00,
          0.0000e+00, -5.3847e-07],
        [ 0.0000e+00,  0.0000e+00,  1.1136e-03,  ...,  0.0000e+00,
          0.0000e+00, -8.1111e-08]])",3.5030221939086914,1007,-3.629558563232422,1381,86.45404052734375,"tensor([[   2, 1007]])",-38.065093994140625,"tensor([[  19, 1007]])"
19,"tensor(1247, device='cuda:7')","tensor([ 0.0000e+00, -3.7368e-02,  0.0000e+00,  ...,  0.0000e+00,
         0.0000e+00, -1.1470e-06])","tensor([[ 0.0000e+00,  3.3072e-01,  0.0000e+00,  ...,  0.0000e+00,
          0.0000e+00, -3.6349e-08],
        [ 0.0000e+00, -1.0987e-01,  0.0000e+00,  ...,  0.0000e+00,
          0.0000e+00, -2.0300e-07],
        [ 0.0000e+00,  1.8519e-01,  0.0000e+00,  ...,  0.0000e+00,
          0.0000e+00, -2.6797e-07],
        ...,
        [ 0.0000e+00, -6.1340e-01,  0.0000e+00,  ...,  0.0000e+00,
          0.0000e+00, -3.5088e-07],
        [ 0.0000e+00, -3.8728e-01,  0.0000e+00,  ...,  0.0000e+00,
          0.0000e+00,  1.7651e-07],
        [ 0.0000e+00, -1.8096e-01,  0.0000e+00,  ...,  0.0000e+00,
          0.0000e+00,  1.7663e-08]])",0.413041353225708,1247,-0.11093282699584961,1836,15.345145225524902,"tensor([[  9, 961]])",-40.98659896850586,"tensor([[  8, 961]])"
