{
  "losses": [
    1.1149978637695312,
    1.2330873012542725,
    1.103415608406067,
    0.981130063533783,
    0.963955283164978
  ],
  "metrics": {
    "both": {
      "optimistic": {
        "adjusted_arithmetic_mean_rank": 0.6054421768707483,
        "adjusted_arithmetic_mean_rank_index": 0.4,
        "adjusted_geometric_mean_rank_index": 0.3750955314898575,
        "adjusted_hits_at_k": -0.07352941176470587,
        "adjusted_inverse_harmonic_mean_rank": -0.012535118577765073,
        "arithmetic_mean_rank": 44.5,
        "count": 2.0,
        "geometric_mean_rank": 41.32795663954364,
        "harmonic_mean_rank": 38.38202247191011,
        "hits_at_1": 0.0,
        "hits_at_10": 0.0,
        "hits_at_3": 0.0,
        "hits_at_5": 0.0,
        "inverse_arithmetic_mean_rank": 0.02247191011235955,
        "inverse_geometric_mean_rank": 0.024196695924791366,
        "inverse_harmonic_mean_rank": 0.026053864168618268,
        "inverse_median_rank": 0.02247191011235955,
        "median_absolute_deviation": 24.46293660534243,
        "median_rank": 44.5,
        "standard_deviation": 16.5,
        "variance": 272.25,
        "z_arithmetic_mean_rank": 0.9731077923386515,
        "z_geometric_mean_rank": 0.7273929748537817,
        "z_hits_at_k": -0.3834824944236852,
        "z_inverse_harmonic_mean_rank": -0.17253518060844847
      },
      "pessimistic": {
        "adjusted_arithmetic_mean_rank": 0.6054421768707483,
        "adjusted_arithmetic_mean_rank_index": 0.4,
        "adjusted_geometric_mean_rank_index": 0.3750955314898575,
        "adjusted_hits_at_k": -0.07352941176470587,
        "adjusted_inverse_harmonic_mean_rank": -0.012535118577765073,
        "arithmetic_mean_rank": 44.5,
        "count": 2.0,
        "geometric_mean_rank": 41.32795663954364,
        "harmonic_mean_rank": 38.38202247191011,
        "hits_at_1": 0.0,
        "hits_at_10": 0.0,
        "hits_at_3": 0.0,
        "hits_at_5": 0.0,
        "inverse_arithmetic_mean_rank": 0.02247191011235955,
        "inverse_geometric_mean_rank": 0.024196695924791366,
        "inverse_harmonic_mean_rank": 0.026053864168618268,
        "inverse_median_rank": 0.02247191011235955,
        "median_absolute_deviation": 24.46293660534243,
        "median_rank": 44.5,
        "standard_deviation": 16.5,
        "variance": 272.25,
        "z_arithmetic_mean_rank": 0.9731077923386515,
        "z_geometric_mean_rank": 0.7273929748537817,
        "z_hits_at_k": -0.3834824944236852,
        "z_inverse_harmonic_mean_rank": -0.17253518060844847
      },
      "realistic": {
        "adjusted_arithmetic_mean_rank": 0.6054421768707483,
        "adjusted_arithmetic_mean_rank_index": 0.4,
        "adjusted_geometric_mean_rank_index": 0.3750956417503758,
        "adjusted_hits_at_k": -0.07352941176470587,
        "adjusted_inverse_harmonic_mean_rank": -0.01253511822403498,
        "arithmetic_mean_rank": 44.5,
        "count": 2.0,
        "geometric_mean_rank": 41.32794952392578,
        "harmonic_mean_rank": 38.38202197066222,
        "hits_at_1": 0.0,
        "hits_at_10": 0.0,
        "hits_at_3": 0.0,
        "hits_at_5": 0.0,
        "inverse_arithmetic_mean_rank": 0.02247191034257412,
        "inverse_geometric_mean_rank": 0.024196699261665344,
        "inverse_harmonic_mean_rank": 0.026053864508867264,
        "inverse_median_rank": 0.02247191034257412,
        "median_absolute_deviation": 24.46293660534243,
        "median_rank": 44.5,
        "standard_deviation": 16.5,
        "variance": 272.25,
        "z_arithmetic_mean_rank": 0.9731077923386515,
        "z_geometric_mean_rank": 0.7273931886732481,
        "z_hits_at_k": -0.3834824944236852,
        "z_inverse_harmonic_mean_rank": -0.17253517573965643
      }
    },
    "head": {
      "optimistic": {
        "adjusted_arithmetic_mean_rank": 0.8299319727891156,
        "adjusted_arithmetic_mean_rank_index": 0.1724137931034483,
        "adjusted_geometric_mean_rank_index": 0.17241379310344795,
        "adjusted_hits_at_k": -0.07352941176470587,
        "adjusted_inverse_harmonic_mean_rank": -0.02257829829314417,
        "arithmetic_mean_rank": 61.0,
        "count": 1.0,
        "geometric_mean_rank": 61.00000000000001,
        "harmonic_mean_rank": 61.0,
        "hits_at_1": 0.0,
        "hits_at_10": 0.0,
        "hits_at_3": 0.0,
        "hits_at_5": 0.0,
        "inverse_arithmetic_mean_rank": 0.01639344262295082,
        "inverse_geometric_mean_rank": 0.016393442622950817,
        "inverse_harmonic_mean_rank": 0.01639344262295082,
        "inverse_median_rank": 0.01639344262295082,
        "median_absolute_deviation": 0.0,
        "median_rank": 61.0,
        "standard_deviation": 0.0,
        "variance": 0.0,
        "z_arithmetic_mean_rank": 0.2965909994776428,
        "z_geometric_mean_rank": 0.29659099947764167,
        "z_hits_at_k": -0.27116307227332026,
        "z_inverse_harmonic_mean_rank": -0.2197482498110694
      },
      "pessimistic": {
        "adjusted_arithmetic_mean_rank": 0.8299319727891156,
        "adjusted_arithmetic_mean_rank_index": 0.1724137931034483,
        "adjusted_geometric_mean_rank_index": 0.17241379310344795,
        "adjusted_hits_at_k": -0.07352941176470587,
        "adjusted_inverse_harmonic_mean_rank": -0.02257829829314417,
        "arithmetic_mean_rank": 61.0,
        "count": 1.0,
        "geometric_mean_rank": 61.00000000000001,
        "harmonic_mean_rank": 61.0,
        "hits_at_1": 0.0,
        "hits_at_10": 0.0,
        "hits_at_3": 0.0,
        "hits_at_5": 0.0,
        "inverse_arithmetic_mean_rank": 0.01639344262295082,
        "inverse_geometric_mean_rank": 0.016393442622950817,
        "inverse_harmonic_mean_rank": 0.01639344262295082,
        "inverse_median_rank": 0.01639344262295082,
        "median_absolute_deviation": 0.0,
        "median_rank": 61.0,
        "standard_deviation": 0.0,
        "variance": 0.0,
        "z_arithmetic_mean_rank": 0.2965909994776428,
        "z_geometric_mean_rank": 0.29659099947764167,
        "z_hits_at_k": -0.27116307227332026,
        "z_inverse_harmonic_mean_rank": -0.2197482498110694
      },
      "realistic": {
        "adjusted_arithmetic_mean_rank": 0.8299319727891156,
        "adjusted_arithmetic_mean_rank_index": 0.1724137931034483,
        "adjusted_geometric_mean_rank_index": 0.17241395095299006,
        "adjusted_hits_at_k": -0.07352941176470587,
        "adjusted_inverse_harmonic_mean_rank": -0.022578299245494423,
        "arithmetic_mean_rank": 61.0,
        "count": 1.0,
        "geometric_mean_rank": 60.9999885559082,
        "harmonic_mean_rank": 61.000003408640815,
        "hits_at_1": 0.0,
        "hits_at_10": 0.0,
        "hits_at_3": 0.0,
        "hits_at_5": 0.0,
        "inverse_arithmetic_mean_rank": 0.016393441706895828,
        "inverse_geometric_mean_rank": 0.016393445432186127,
        "inverse_harmonic_mean_rank": 0.016393441706895828,
        "inverse_median_rank": 0.016393441706895828,
        "median_absolute_deviation": 0.0,
        "median_rank": 61.0,
        "standard_deviation": 0.0,
        "variance": 0.0,
        "z_arithmetic_mean_rank": 0.2965909994776428,
        "z_geometric_mean_rank": 0.29659127101481175,
        "z_hits_at_k": -0.27116307227332026,
        "z_inverse_harmonic_mean_rank": -0.21974825908002757
      }
    },
    "tail": {
      "optimistic": {
        "adjusted_arithmetic_mean_rank": 0.38095238095238093,
        "adjusted_arithmetic_mean_rank_index": 0.6275862068965518,
        "adjusted_geometric_mean_rank_index": 0.6275862068965516,
        "adjusted_hits_at_k": -0.07352941176470587,
        "adjusted_inverse_harmonic_mean_rank": -0.002491938862385981,
        "arithmetic_mean_rank": 28.0,
        "count": 1.0,
        "geometric_mean_rank": 27.999999999999996,
        "harmonic_mean_rank": 28.0,
        "hits_at_1": 0.0,
        "hits_at_10": 0.0,
        "hits_at_3": 0.0,
        "hits_at_5": 0.0,
        "inverse_arithmetic_mean_rank": 0.03571428571428571,