{
  "losses": [
    0.991064190864563,
    1.0930098295211792,
    1.117309331893921,
    0.8543407917022705,
    0.9727185964584351
  ],
  "metrics": {
    "both": {
      "optimistic": {
        "adjusted_arithmetic_mean_rank": 0.7551020408163265,
        "adjusted_arithmetic_mean_rank_index": 0.24827586206896557,
        "adjusted_geometric_mean_rank_index": 0.159725023657594,
        "adjusted_hits_at_k": -0.07352941176470587,
        "adjusted_inverse_harmonic_mean_rank": -0.02070357141294007,
        "arithmetic_mean_rank": 55.5,
        "count": 2.0,
        "geometric_mean_rank": 55.22680508593629,
        "harmonic_mean_rank": 54.95495495495495,
        "hits_at_1": 0.0,
        "hits_at_10": 0.0,
        "hits_at_3": 0.0,
        "hits_at_5": 0.0,
        "inverse_arithmetic_mean_rank": 0.018018018018018018,
        "inverse_geometric_mean_rank": 0.01810714920850371,
        "inverse_harmonic_mean_rank": 0.01819672131147541,
        "inverse_median_rank": 0.018018018018018018,
        "median_absolute_deviation": 8.15431220178081,
        "median_rank": 55.5,
        "standard_deviation": 5.5,
        "variance": 30.25,
        "z_arithmetic_mean_rank": 0.6039979400722664,
        "z_geometric_mean_rank": 0.3097420533254993,
        "z_hits_at_k": -0.3834824944236852,
        "z_inverse_harmonic_mean_rank": -0.28496694393523686
      },
      "pessimistic": {
        "adjusted_arithmetic_mean_rank": 0.7551020408163265,
        "adjusted_arithmetic_mean_rank_index": 0.24827586206896557,
        "adjusted_geometric_mean_rank_index": 0.159725023657594,
        "adjusted_hits_at_k": -0.07352941176470587,
        "adjusted_inverse_harmonic_mean_rank": -0.02070357141294007,
        "arithmetic_mean_rank": 55.5,
        "count": 2.0,
        "geometric_mean_rank": 55.22680508593629,
        "harmonic_mean_rank": 54.95495495495495,
        "hits_at_1": 0.0,
        "hits_at_10": 0.0,
        "hits_at_3": 0.0,
        "hits_at_5": 0.0,
        "inverse_arithmetic_mean_rank": 0.018018018018018018,
        "inverse_geometric_mean_rank": 0.01810714920850371,
        "inverse_harmonic_mean_rank": 0.01819672131147541,
        "inverse_median_rank": 0.018018018018018018,
        "median_absolute_deviation": 8.15431220178081,
        "median_rank": 55.5,
        "standard_deviation": 5.5,
        "variance": 30.25,
        "z_arithmetic_mean_rank": 0.6039979400722664,
        "z_geometric_mean_rank": 0.3097420533254993,
        "z_hits_at_k": -0.3834824944236852,
        "z_inverse_harmonic_mean_rank": -0.28496694393523686
      },
      "realistic": {
        "adjusted_arithmetic_mean_rank": 0.7551020408163265,
        "adjusted_arithmetic_mean_rank_index": 0.24827586206896557,
        "adjusted_geometric_mean_rank_index": 0.15972505867770326,
        "adjusted_hits_at_k": -0.07352941176470587,
        "adjusted_inverse_harmonic_mean_rank": -0.02070357212148866,
        "arithmetic_mean_rank": 55.5,
        "count": 2.0,
        "geometric_mean_rank": 55.226802825927734,
        "harmonic_mean_rank": 54.95495701325275,
        "hits_at_1": 0.0,
        "hits_at_10": 0.0,
        "hits_at_3": 0.0,
        "hits_at_5": 0.0,
        "inverse_arithmetic_mean_rank": 0.018018018454313278,
        "inverse_geometric_mean_rank": 0.018107149749994278,
        "inverse_harmonic_mean_rank": 0.018196720629930496,
        "inverse_median_rank": 0.018018018454313278,
        "median_absolute_deviation": 8.15431220178081,
        "median_rank": 55.5,
        "standard_deviation": 5.5,
        "variance": 30.25,
        "z_arithmetic_mean_rank": 0.6039979400722664,
        "z_geometric_mean_rank": 0.3097421212372158,
        "z_hits_at_k": -0.3834824944236852,
        "z_inverse_harmonic_mean_rank": -0.28496695368780184
      }
    },
    "head": {
      "optimistic": {
        "adjusted_arithmetic_mean_rank": 0.8299319727891156,
        "adjusted_arithmetic_mean_rank_index": 0.1724137931034483,
        "adjusted_geometric_mean_rank_index": 0.17241379310344795,
        "adjusted_hits_at_k": -0.07352941176470587,
        "adjusted_inverse_harmonic_mean_rank": -0.02257829829314417,
        "arithmetic_mean_rank": 61.0,
        "count": 1.0,
        "geometric_mean_rank": 61.00000000000001,
        "harmonic_mean_rank": 61.0,
        "hits_at_1": 0.0,
        "hits_at_10": 0.0,
        "hits_at_3": 0.0,
        "hits_at_5": 0.0,
        "inverse_arithmetic_mean_rank": 0.01639344262295082,
        "inverse_geometric_mean_rank": 0.016393442622950817,
        "inverse_harmonic_mean_rank": 0.01639344262295082,
        "inverse_median_rank": 0.01639344262295082,
        "median_absolute_deviation": 0.0,
        "median_rank": 61.0,
        "standard_deviation": 0.0,
        "variance": 0.0,
        "z_arithmetic_mean_rank": 0.2965909994776428,
        "z_geometric_mean_rank": 0.29659099947764167,
        "z_hits_at_k": -0.27116307227332026,
        "z_inverse_harmonic_mean_rank": -0.2197482498110694
      },
      "pessimistic": {
        "adjusted_arithmetic_mean_rank": 0.8299319727891156,
        "adjusted_arithmetic_mean_rank_index": 0.1724137931034483,
        "adjusted_geometric_mean_rank_index": 0.17241379310344795,
        "adjusted_hits_at_k": -0.07352941176470587,
        "adjusted_inverse_harmonic_mean_rank": -0.02257829829314417,
        "arithmetic_mean_rank": 61.0,
        "count": 1.0,
        "geometric_mean_rank": 61.00000000000001,
        "harmonic_mean_rank": 61.0,
        "hits_at_1": 0.0,
        "hits_at_10": 0.0,
        "hits_at_3": 0.0,
        "hits_at_5": 0.0,
        "inverse_arithmetic_mean_rank": 0.01639344262295082,
        "inverse_geometric_mean_rank": 0.016393442622950817,
        "inverse_harmonic_mean_rank": 0.01639344262295082,
        "inverse_median_rank": 0.01639344262295082,
        "median_absolute_deviation": 0.0,
        "median_rank": 61.0,
        "standard_deviation": 0.0,
        "variance": 0.0,
        "z_arithmetic_mean_rank": 0.2965909994776428,
        "z_geometric_mean_rank": 0.29659099947764167,
        "z_hits_at_k": -0.27116307227332026,
        "z_inverse_harmonic_mean_rank": -0.2197482498110694
      },
      "realistic": {
        "adjusted_arithmetic_mean_rank": 0.8299319727891156,
        "adjusted_arithmetic_mean_rank_index": 0.1724137931034483,
        "adjusted_geometric_mean_rank_index": 0.17241395095299006,
        "adjusted_hits_at_k": -0.07352941176470587,
        "adjusted_inverse_harmonic_mean_rank": -0.022578299245494423,
        "arithmetic_mean_rank": 61.0,
        "count": 1.0,
        "geometric_mean_rank": 60.9999885559082,
        "harmonic_mean_rank": 61.000003408640815,
        "hits_at_1": 0.0,
        "hits_at_10": 0.0,
        "hits_at_3": 0.0,
        "hits_at_5": 0.0,
        "inverse_arithmetic_mean_rank": 0.016393441706895828,
        "inverse_geometric_mean_rank": 0.016393445432186127,
        "inverse_harmonic_mean_rank": 0.016393441706895828,
        "inverse_median_rank": 0.016393441706895828,
        "median_absolute_deviation": 0.0,
        "median_rank": 61.0,
        "standard_deviation": 0.0,
        "variance": 0.0,
        "z_arithmetic_mean_rank": 0.2965909994776428,
        "z_geometric_mean_rank": 0.29659127101481175,
        "z_hits_at_k": -0.27116307227332026,
        "z_inverse_harmonic_mean_rank": -0.21974825908002757
      }
    },
    "tail": {
      "optimistic": {
        "adjusted_arithmetic_mean_rank": 0.6802721088435374,
        "adjusted_arithmetic_mean_rank_index": 0.32413793103448274,
        "adjusted_geometric_mean_rank_index": 0.32413793103448263,
        "adjusted_hits_at_k": -0.07352941176470587,
        "adjusted_inverse_harmonic_mean_rank": -0.018828844532735974,
        "arithmetic_mean_rank": 50.0,
        "count": 1.0,
        "geometric_mean_rank": 49.99999999999999,
        "harmonic_mean_rank": 50.0,
        "hits_at_1": 0.0,
        "hits_at_10": 0.0,
        "hits_at_3": 0.0,
        "hits_at_5": 0.0,
        "inverse_arithmetic_mean_rank": 0.02,