{
  "losses": [
    1.178567886352539,
    1.1117514371871948,
    1.2225245237350464,
    1.0563162565231323,
    1.0948293209075928
  ],
  "metrics": {
    "both": {
      "optimistic": {
        "adjusted_arithmetic_mean_rank": 0.6394557823129251,
        "adjusted_arithmetic_mean_rank_index": 0.3655172413793104,
        "adjusted_geometric_mean_rank_index": 0.3252903335954932,
        "adjusted_hits_at_k": -0.07352941176470587,
        "adjusted_inverse_harmonic_mean_rank": -0.014993145089239206,
        "arithmetic_mean_rank": 47.0,
        "count": 2.0,
        "geometric_mean_rank": 44.542114902640165,
        "harmonic_mean_rank": 42.212765957446805,
        "hits_at_1": 0.0,
        "hits_at_10": 0.0,
        "hits_at_3": 0.0,
        "hits_at_5": 0.0,
        "inverse_arithmetic_mean_rank": 0.02127659574468085,
        "inverse_geometric_mean_rank": 0.022450662753346867,
        "inverse_harmonic_mean_rank": 0.02368951612903226,
        "inverse_median_rank": 0.02127659574468085,
        "median_absolute_deviation": 22.239033277584028,
        "median_rank": 47.0,
        "standard_deviation": 15.0,
        "variance": 225.0,
        "z_arithmetic_mean_rank": 0.8892191895508368,
        "z_geometric_mean_rank": 0.6308097100101093,
        "z_hits_at_k": -0.3834824944236852,
        "z_inverse_harmonic_mean_rank": -0.20636781214412536
      },
      "pessimistic": {
        "adjusted_arithmetic_mean_rank": 0.6394557823129251,
        "adjusted_arithmetic_mean_rank_index": 0.3655172413793104,
        "adjusted_geometric_mean_rank_index": 0.3252903335954932,
        "adjusted_hits_at_k": -0.07352941176470587,
        "adjusted_inverse_harmonic_mean_rank": -0.014993145089239206,
        "arithmetic_mean_rank": 47.0,
        "count": 2.0,
        "geometric_mean_rank": 44.542114902640165,
        "harmonic_mean_rank": 42.212765957446805,
        "hits_at_1": 0.0,
        "hits_at_10": 0.0,
        "hits_at_3": 0.0,
        "hits_at_5": 0.0,
        "inverse_arithmetic_mean_rank": 0.02127659574468085,
        "inverse_geometric_mean_rank": 0.022450662753346867,
        "inverse_harmonic_mean_rank": 0.02368951612903226,
        "inverse_median_rank": 0.02127659574468085,
        "median_absolute_deviation": 22.239033277584028,
        "median_rank": 47.0,
        "standard_deviation": 15.0,
        "variance": 225.0,
        "z_arithmetic_mean_rank": 0.8892191895508368,
        "z_geometric_mean_rank": 0.6308097100101093,
        "z_hits_at_k": -0.3834824944236852,
        "z_inverse_harmonic_mean_rank": -0.20636781214412536
      },
      "realistic": {
        "adjusted_arithmetic_mean_rank": 0.6394557823129251,
        "adjusted_arithmetic_mean_rank_index": 0.3655172413793104,
        "adjusted_geometric_mean_rank_index": 0.3252903435874621,
        "adjusted_hits_at_k": -0.07352941176470587,
        "adjusted_inverse_harmonic_mean_rank": -0.014993145339103148,
        "arithmetic_mean_rank": 47.0,
        "count": 2.0,
        "geometric_mean_rank": 44.5421142578125,
        "harmonic_mean_rank": 42.21276638571523,
        "hits_at_1": 0.0,
        "hits_at_10": 0.0,
        "hits_at_3": 0.0,
        "hits_at_5": 0.0,
        "inverse_arithmetic_mean_rank": 0.021276595070958138,
        "inverse_geometric_mean_rank": 0.022450663149356842,
        "inverse_harmonic_mean_rank": 0.02368951588869095,
        "inverse_median_rank": 0.021276595070958138,
        "median_absolute_deviation": 22.239033277584028,
        "median_rank": 47.0,
        "standard_deviation": 15.0,
        "variance": 225.0,
        "z_arithmetic_mean_rank": 0.8892191895508368,
        "z_geometric_mean_rank": 0.6308097293867412,
        "z_hits_at_k": -0.3834824944236852,
        "z_inverse_harmonic_mean_rank": -0.2063678155832887
      }
    },
    "head": {
      "optimistic": {
        "adjusted_arithmetic_mean_rank": 0.8435374149659863,
        "adjusted_arithmetic_mean_rank_index": 0.1586206896551725,
        "adjusted_geometric_mean_rank_index": 0.15862068965517206,
        "adjusted_hits_at_k": -0.07352941176470587,
        "adjusted_inverse_harmonic_mean_rank": -0.022853184932470284,
        "arithmetic_mean_rank": 62.0,
        "count": 1.0,
        "geometric_mean_rank": 62.00000000000001,
        "harmonic_mean_rank": 62.0,
        "hits_at_1": 0.0,
        "hits_at_10": 0.0,
        "hits_at_3": 0.0,
        "hits_at_5": 0.0,
        "inverse_arithmetic_mean_rank": 0.016129032258064516,
        "inverse_geometric_mean_rank": 0.016129032258064516,
        "inverse_harmonic_mean_rank": 0.016129032258064516,
        "inverse_median_rank": 0.016129032258064516,
        "median_absolute_deviation": 0.0,
        "median_rank": 62.0,
        "standard_deviation": 0.0,
        "variance": 0.0,
        "z_arithmetic_mean_rank": 0.27286371951943145,
        "z_geometric_mean_rank": 0.27286371951943034,
        "z_hits_at_k": -0.27116307227332026,
        "z_inverse_harmonic_mean_rank": -0.22242364443576984
      },
      "pessimistic": {
        "adjusted_arithmetic_mean_rank": 0.8435374149659863,
        "adjusted_arithmetic_mean_rank_index": 0.1586206896551725,
        "adjusted_geometric_mean_rank_index": 0.15862068965517206,
        "adjusted_hits_at_k": -0.07352941176470587,
        "adjusted_inverse_harmonic_mean_rank": -0.022853184932470284,
        "arithmetic_mean_rank": 62.0,
        "count": 1.0,
        "geometric_mean_rank": 62.00000000000001,
        "harmonic_mean_rank": 62.0,
        "hits_at_1": 0.0,
        "hits_at_10": 0.0,
        "hits_at_3": 0.0,
        "hits_at_5": 0.0,
        "inverse_arithmetic_mean_rank": 0.016129032258064516,
        "inverse_geometric_mean_rank": 0.016129032258064516,
        "inverse_harmonic_mean_rank": 0.016129032258064516,
        "inverse_median_rank": 0.016129032258064516,
        "median_absolute_deviation": 0.0,
        "median_rank": 62.0,
        "standard_deviation": 0.0,
        "variance": 0.0,
        "z_arithmetic_mean_rank": 0.27286371951943145,
        "z_geometric_mean_rank": 0.27286371951943034,
        "z_hits_at_k": -0.27116307227332026,
        "z_inverse_harmonic_mean_rank": -0.22242364443576984
      },
      "realistic": {
        "adjusted_arithmetic_mean_rank": 0.8435374149659863,
        "adjusted_arithmetic_mean_rank_index": 0.1586206896551725,
        "adjusted_geometric_mean_rank_index": 0.15862079488820013,
        "adjusted_hits_at_k": -0.07352941176470587,
        "adjusted_inverse_harmonic_mean_rank": -0.022853185432198157,
        "arithmetic_mean_rank": 62.0,
        "count": 1.0,
        "geometric_mean_rank": 61.99999237060547,
        "harmonic_mean_rank": 62.000001847744045,
        "hits_at_1": 0.0,
        "hits_at_10": 0.0,
        "hits_at_3": 0.0,
        "hits_at_5": 0.0,
        "inverse_arithmetic_mean_rank": 0.016129031777381897,
        "inverse_geometric_mean_rank": 0.016129033640027046,
        "inverse_harmonic_mean_rank": 0.016129031777381897,
        "inverse_median_rank": 0.016129031777381897,
        "median_absolute_deviation": 0.0,
        "median_rank": 62.0,
        "standard_deviation": 0.0,
        "variance": 0.0,
        "z_arithmetic_mean_rank": 0.27286371951943145,
        "z_geometric_mean_rank": 0.2728639005442104,
        "z_hits_at_k": -0.27116307227332026,
        "z_inverse_harmonic_mean_rank": -0.2224236492994812
      }
    },
    "tail": {
      "optimistic": {
        "adjusted_arithmetic_mean_rank": 0.43537414965986393,
        "adjusted_arithmetic_mean_rank_index": 0.5724137931034483,
        "adjusted_geometric_mean_rank_index": 0.5724137931034481,
        "adjusted_hits_at_k": -0.07352941176470587,
        "adjusted_inverse_harmonic_mean_rank": -0.007133105246008138,
        "arithmetic_mean_rank": 32.0,
        "count": 1.0,
        "geometric_mean_rank": 32.0,
        "harmonic_mean_rank": 32.0,
        "hits_at_1": 0.0,
        "hits_at_10": 0.0,
        "hits_at_3": 0.0,
        "hits_at_5": 0.0,