,,tensor_nodes,max_nodes,pos_max_nodes,min_nodes,pos_min_nodes
0,tensor(341),"tensor([0., 0., 0.,  ..., 0., 0., 0.])",0.0,0,0.0,0
1,tensor(2597),"tensor([0., 0., 0.,  ..., 0., 0., 0.])",0.16157266497612,1582,-0.0008821674855425954,639
2,tensor(673),"tensor([0., 0., 0.,  ..., 0., 0., 0.])",3.555419921875,1894,-5.212371826171875,780
3,tensor(2657),"tensor([0., 0., 0.,  ..., 0., 0., 0.])",8.05841064453125,780,-9.297858238220215,2657
4,tensor(865),"tensor([0., 0., 0.,  ..., 0., 0., 0.])",0.8244378566741943,2480,-0.022616025060415268,865
