,,rel_nodes_new,rel_edges_new,max_nodes_new,pos_max_nodes_new,min_nodes_new,pos_min_nodes_new,max_edges_new,pos_max_edges_new,min_edges_new,pos_min_edges_new
8,"tensor(149, device='cuda:7')","tensor([0., 0., 0.,  ..., 0., 0., 0.])","tensor([[0., 0., 0.,  ..., 0., 0., 0.],
        [0., 0., 0.,  ..., 0., 0., 0.],
        [0., 0., 0.,  ..., 0., 0., 0.],
        ...,
        [0., 0., 0.,  ..., 0., 0., 0.],
        [0., 0., 0.,  ..., 0., 0., 0.],
        [0., 0., 0.,  ..., 0., 0., 0.]])",26.2783203125,607,-21.52996063232422,149,589.0582275390625,"tensor([[  3, 607]])",-296.2210388183594,"tensor([[  8, 149]])"
20,"tensor(1279, device='cuda:7')","tensor([0.0000e+00, 0.0000e+00, 0.0000e+00,  ..., 0.0000e+00, 0.0000e+00,
        3.1025e-08])","tensor([[ 0.0000e+00,  0.0000e+00,  0.0000e+00,  ...,  0.0000e+00,
          0.0000e+00, -1.0826e-08],
        [ 0.0000e+00,  0.0000e+00,  0.0000e+00,  ...,  0.0000e+00,
          0.0000e+00,  1.1796e-08],
        [ 0.0000e+00,  0.0000e+00,  0.0000e+00,  ...,  0.0000e+00,
          0.0000e+00, -2.8219e-07],
        ...,
        [ 0.0000e+00,  0.0000e+00,  0.0000e+00,  ...,  0.0000e+00,
          0.0000e+00, -3.8049e-09],
        [ 0.0000e+00,  0.0000e+00,  0.0000e+00,  ...,  0.0000e+00,
          0.0000e+00,  7.5760e-09],
        [ 0.0000e+00,  0.0000e+00,  0.0000e+00,  ...,  0.0000e+00,
          0.0000e+00,  1.3082e-08]])",0.2353905439376831,5,-0.004928693640977144,887,5.52783203125,"tensor([[  19, 1718]])",-9.34325122833252,"tensor([[   3, 1718]])"
17,"tensor(723, device='cuda:7')","tensor([ 0.0000, -0.0067,  0.0000,  ...,  0.0000,  0.0000,  0.0000])","tensor([[ 0.0000,  0.0179,  0.0000,  ...,  0.0000,  0.0000,  0.0000],
        [ 0.0000,  0.0138,  0.0000,  ...,  0.0000,  0.0000,  0.0000],
        [ 0.0000, -0.1237,  0.0000,  ...,  0.0000,  0.0000,  0.0000],
        ...,
        [ 0.0000,  0.0203,  0.0000,  ...,  0.0000,  0.0000,  0.0000],
        [ 0.0000,  0.0895,  0.0000,  ...,  0.0000,  0.0000,  0.0000],
        [ 0.0000, -0.0744,  0.0000,  ...,  0.0000,  0.0000,  0.0000]])",0.7616703510284424,2596,-0.1364459991455078,2447,64.32273864746094,"tensor([[  3, 723]])",-53.683082580566406,"tensor([[  9, 723]])"
