,,rel_nodes_new,rel_edges_new,max_nodes_new,pos_max_nodes_new,min_nodes_new,pos_min_nodes_new,max_edges_new,pos_max_edges_new,min_edges_new,pos_min_edges_new
18,"tensor(617, device='cuda:7')","tensor([0., 0., 0.,  ..., 0., 0., 0.])","tensor([[0., 0., 0.,  ..., 0., 0., 0.],
        [0., 0., 0.,  ..., 0., 0., 0.],
        [0., 0., 0.,  ..., 0., 0., 0.],
        ...,
        [0., 0., 0.,  ..., 0., 0., 0.],
        [0., 0., 0.,  ..., 0., 0., 0.],
        [0., 0., 0.,  ..., 0., 0., 0.]])",1.3714876174926758,617,-0.36673784255981445,1905,6.461769104003906,"tensor([[   0, 1905]])",-5.157034873962402,"tensor([[   3, 1905]])"
3,"tensor(1394, device='cuda:7')","tensor([0., 0., 0.,  ..., 0., 0., 0.])","tensor([[0., 0., 0.,  ..., 0., 0., 0.],
        [0., 0., 0.,  ..., 0., 0., 0.],
        [0., 0., 0.,  ..., 0., 0., 0.],
        ...,
        [0., 0., 0.,  ..., 0., 0., 0.],
        [0., 0., 0.,  ..., 0., 0., 0.],
        [0., 0., 0.,  ..., 0., 0., 0.]])",2.648670196533203,2359,-1.4255945682525635,1294,54.92515563964844,"tensor([[14,  8]])",-117.22218322753906,"tensor([[19,  8]])"
19,"tensor(2560, device='cuda:7')","tensor([0.0011, 0.0000, 0.0000,  ..., 0.0000, 0.0000, 0.0000])","tensor([[0.0043, 0.0000, 0.0000,  ..., 0.0000, 0.0000, 0.0000],
        [0.0002, 0.0000, 0.0000,  ..., 0.0000, 0.0000, 0.0000],
        [0.0060, 0.0000, 0.0000,  ..., 0.0000, 0.0000, 0.0000],
        ...,
        [0.0002, 0.0000, 0.0000,  ..., 0.0000, 0.0000, 0.0000],
        [0.0007, 0.0000, 0.0000,  ..., 0.0000, 0.0000, 0.0000],
        [0.0013, 0.0000, 0.0000,  ..., 0.0000, 0.0000, 0.0000]])",1.2016541957855225,2359,-0.7888422012329102,791,50.58734130859375,"tensor([[14,  8]])",-107.890625,"tensor([[19,  8]])"
