,,rel_nodes_new,rel_edges_new,max_nodes_new,pos_max_nodes_new,min_nodes_new,pos_min_nodes_new,max_edges_new,pos_max_edges_new,min_edges_new,pos_min_edges_new
2,"tensor(389, device='cuda:7')","tensor([ 4.7032e-06, -2.3973e-03,  0.0000e+00,  ...,  0.0000e+00,
         0.0000e+00,  1.4523e-05], grad_fn=<SumBackward1>)","tensor([[0.0000, 0.0000, 0.0000,  ..., 0.0000, 0.0000, 0.0000],
        [0.0000, 0.0000, 0.0000,  ..., 0.0000, 0.0000, 0.0000],
        [0.0000, 0.0000, 0.0000,  ..., 0.0000, 0.0000, 0.0000],
        ...,
        [0.0000, 0.0000, 0.0000,  ..., 0.0000, 0.0000, 0.0000],
        [0.0000, 0.0000, 0.0000,  ..., 0.0000, 0.0000, 0.0000],
        [0.0000, 0.0004, 0.0000,  ..., 0.0000, 0.0000, 0.0000]],
       grad_fn=<SumBackward1>)",3.6259541511535645,234,-2.404175281524658,2077,3.5524868965148926,"tensor([[ 31, 234]])",-2.148940086364746,"tensor([[   0, 1621]])"
25,"tensor(54, device='cuda:7')","tensor([-2.4134e-07,  0.0000e+00,  0.0000e+00,  ...,  0.0000e+00,
         0.0000e+00, -8.2005e-07], grad_fn=<SumBackward1>)","tensor([[0., 0., 0.,  ..., 0., 0., 0.],
        [0., 0., 0.,  ..., 0., 0., 0.],
        [0., 0., 0.,  ..., 0., 0., 0.],
        ...,
        [0., 0., 0.,  ..., 0., 0., 0.],
        [0., 0., 0.,  ..., 0., 0., 0.],
        [0., 0., 0.,  ..., 0., 0., 0.]], grad_fn=<SumBackward1>)",2.1493618488311768,2192,-3.3530426025390625,234,2.1493618488311768,"tensor([[   0, 2192]])",-3.438249111175537,"tensor([[ 31, 234]])"
14,"tensor(2262, device='cuda:7')","tensor([1.9955e-06, 0.0000e+00, 2.3853e-04,  ..., 0.0000e+00, 0.0000e+00,
        6.1620e-06], grad_fn=<SumBackward1>)","tensor([[0.0000, 0.0000, 0.0000,  ..., 0.0000, 0.0000, 0.0000],
        [0.0000, 0.0000, 0.0000,  ..., 0.0000, 0.0000, 0.0000],
        [0.0000, 0.0000, 0.0000,  ..., 0.0000, 0.0000, 0.0000],
        ...,
        [0.0000, 0.0000, 0.0000,  ..., 0.0000, 0.0000, 0.0000],
        [0.0000, 0.0000, 0.0000,  ..., 0.0000, 0.0000, 0.0000],
        [0.0000, 0.0000, 0.0005,  ..., 0.0000, 0.0000, 0.0000]],
       grad_fn=<SumBackward1>)",1.8747884035110474,431,-0.7002995014190674,2262,1.8747884035110474,"tensor([[ 31, 431]])",-0.5653228759765625,"tensor([[   0, 2192]])"
