,,rel_nodes_new,rel_edges_new,max_nodes_new,pos_max_nodes_new,min_nodes_new,pos_min_nodes_new,max_edges_new,pos_max_edges_new,min_edges_new,pos_min_edges_new
2,"tensor(389, device='cuda:7')","tensor([5.7780e-06, 0.0000e+00, 0.0000e+00,  ..., 0.0000e+00, 0.0000e+00,
        1.7842e-05], grad_fn=<SumBackward1>)","tensor([[0., 0., 0.,  ..., 0., 0., 0.],
        [0., 0., 0.,  ..., 0., 0., 0.],
        [0., 0., 0.,  ..., 0., 0., 0.],
        ...,
        [0., 0., 0.,  ..., 0., 0., 0.],
        [0., 0., 0.,  ..., 0., 0., 0.],
        [0., 0., 0.,  ..., 0., 0., 0.]], grad_fn=<SumBackward1>)",5.675517559051514,234,-3.7048122882843018,2077,5.58275032043457,"tensor([[ 31, 234]])",-3.3668928146362305,"tensor([[   0, 1621]])"
25,"tensor(54, device='cuda:7')","tensor([-2.4134e-07,  0.0000e+00,  0.0000e+00,  ...,  0.0000e+00,
         0.0000e+00, -8.2005e-07], grad_fn=<SumBackward1>)","tensor([[0., 0., 0.,  ..., 0., 0., 0.],
        [0., 0., 0.,  ..., 0., 0., 0.],
        [0., 0., 0.,  ..., 0., 0., 0.],
        ...,
        [0., 0., 0.,  ..., 0., 0., 0.],
        [0., 0., 0.,  ..., 0., 0., 0.],
        [0., 0., 0.,  ..., 0., 0., 0.]], grad_fn=<SumBackward1>)",2.1493618488311768,2192,-3.3530426025390625,234,2.1493618488311768,"tensor([[   0, 2192]])",-3.438249111175537,"tensor([[ 31, 234]])"
14,"tensor(2262, device='cuda:7')","tensor([-2.1700e-07,  0.0000e+00,  1.2299e-04,  ...,  0.0000e+00,
         0.0000e+00, -7.3733e-07], grad_fn=<SumBackward1>)","tensor([[0.0000e+00, 0.0000e+00, 0.0000e+00,  ..., 0.0000e+00, 0.0000e+00,
         0.0000e+00],
        [0.0000e+00, 0.0000e+00, 0.0000e+00,  ..., 0.0000e+00, 0.0000e+00,
         0.0000e+00],
        [0.0000e+00, 0.0000e+00, 0.0000e+00,  ..., 0.0000e+00, 0.0000e+00,
         0.0000e+00],
        ...,
        [0.0000e+00, 0.0000e+00, 0.0000e+00,  ..., 0.0000e+00, 0.0000e+00,
         0.0000e+00],
        [0.0000e+00, 0.0000e+00, 0.0000e+00,  ..., 0.0000e+00, 0.0000e+00,
         0.0000e+00],
        [0.0000e+00, 0.0000e+00, 7.6562e-05,  ..., 0.0000e+00, 0.0000e+00,
         0.0000e+00]], grad_fn=<SumBackward1>)",1.7910282611846924,2262,-3.4766368865966797,431,1.2340584993362427,"tensor([[   0, 2192]])",-3.4779417514801025,"tensor([[ 31, 431]])"
