,,rel_nodes_new,rel_edges_new,max_nodes_new,pos_max_nodes_new,min_nodes_new,pos_min_nodes_new,max_edges_new,pos_max_edges_new,min_edges_new,pos_min_edges_new
20,"tensor(1668, device='cuda:7')","tensor([ 0.0000e+00, -2.9116e-06,  0.0000e+00,  ...,  0.0000e+00,
         0.0000e+00,  0.0000e+00], grad_fn=<SumBackward1>)","tensor([[0., 0., 0.,  ..., 0., 0., 0.],
        [0., 0., 0.,  ..., 0., 0., 0.],
        [0., 0., 0.,  ..., 0., 0., 0.],
        ...,
        [0., 0., 0.,  ..., 0., 0., 0.],
        [0., 0., 0.,  ..., 0., 0., 0.],
        [0., 0., 0.,  ..., 0., 0., 0.]], grad_fn=<SumBackward1>)",0.9208232760429382,1226,-0.03765188530087471,1849,0.9208232760429382,"tensor([[  27, 1226]])",-0.024562833830714226,"tensor([[  0, 414]])"
22,"tensor(572, device='cuda:7')","tensor([ 0.0000e+00, -2.4378e-06,  1.2484e-03,  ...,  3.8412e-04,
         0.0000e+00,  1.4448e-03], grad_fn=<SumBackward1>)","tensor([[0.0000, 0.0000, 0.0000,  ..., 0.0000, 0.0000, 0.0000],
        [0.0000, 0.0000, 0.0000,  ..., 0.0000, 0.0000, 0.0000],
        [0.0000, 0.0000, 0.0000,  ..., 0.0000, 0.0000, 0.0000],
        ...,
        [0.0000, 0.0000, 0.0000,  ..., 0.0000, 0.0000, 0.0000],
        [0.0000, 0.0000, 0.0000,  ..., 0.0000, 0.0000, 0.0000],
        [0.0000, 0.0000, 0.0013,  ..., 0.0004, 0.0000, 0.0015]],
       grad_fn=<SumBackward1>)",0.8844967484474182,1226,-0.03126801550388336,1849,0.876884937286377,"tensor([[  27, 1226]])",-0.023705992847681046,"tensor([[  27, 1893]])"
1,"tensor(1501, device='cuda:7')","tensor([ 0.0000e+00, -2.4650e-06,  0.0000e+00,  ...,  0.0000e+00,
         0.0000e+00,  2.8905e-03], grad_fn=<SumBackward1>)","tensor([[0.0000, 0.0000, 0.0000,  ..., 0.0000, 0.0000, 0.0000],
        [0.0000, 0.0000, 0.0000,  ..., 0.0000, 0.0000, 0.0000],
        [0.0000, 0.0000, 0.0000,  ..., 0.0000, 0.0000, 0.0000],
        ...,
        [0.0000, 0.0000, 0.0000,  ..., 0.0000, 0.0000, 0.0000],
        [0.0000, 0.0000, 0.0000,  ..., 0.0000, 0.0000, 0.0000],
        [0.0000, 0.0000, 0.0000,  ..., 0.0000, 0.0000, 0.0029]],
       grad_fn=<SumBackward1>)",0.8731116056442261,1226,-0.032812200486660004,1849,0.8731116056442261,"tensor([[  27, 1226]])",-0.020795529708266258,"tensor([[  0, 414]])"
