,,rel_nodes_new,rel_edges_new,max_nodes_new,pos_max_nodes_new,min_nodes_new,pos_min_nodes_new,max_edges_new,pos_max_edges_new,min_edges_new,pos_min_edges_new
14,"tensor(1132, device='cuda:7')","tensor([ 1.9882e-05,  0.0000e+00,  2.0564e-05,  ..., -6.7567e-06,
         1.1752e-05, -1.6754e-05], grad_fn=<SumBackward1>)","tensor([[0., 0., 0.,  ..., 0., 0., 0.],
        [0., 0., 0.,  ..., 0., 0., 0.],
        [0., 0., 0.,  ..., 0., 0., 0.],
        ...,
        [0., 0., 0.,  ..., 0., 0., 0.],
        [0., 0., 0.,  ..., 0., 0., 0.],
        [0., 0., 0.,  ..., 0., 0., 0.]], grad_fn=<SumBackward1>)",90.049560546875,1374,-42.45919418334961,1132,90.0390625,"tensor([[  30, 1374]])",-38.04582977294922,"tensor([[  48, 1000]])"
25,"tensor(1701, device='cuda:7')","tensor([ 2.7295e-05,  0.0000e+00,  2.8231e-05,  ..., -9.2758e-06,
         1.6133e-05,  0.0000e+00], grad_fn=<SumBackward1>)","tensor([[0., 0., 0.,  ..., 0., 0., 0.],
        [0., 0., 0.,  ..., 0., 0., 0.],
        [0., 0., 0.,  ..., 0., 0., 0.],
        ...,
        [0., 0., 0.,  ..., 0., 0., 0.],
        [0., 0., 0.,  ..., 0., 0., 0.],
        [0., 0., 0.,  ..., 0., 0., 0.]], grad_fn=<SumBackward1>)",1.409252405166626,1641,-0.9697992205619812,951,1.367293119430542,"tensor([[   4, 1641]])",-0.9720643162727356,"tensor([[ 48, 951]])"
26,"tensor(2418, device='cuda:7')","tensor([-9.9720e-07, -1.1109e-06, -1.0353e-06,  ...,  1.4019e-05,
        -5.8408e-07,  0.0000e+00], grad_fn=<SumBackward1>)","tensor([[ 0.0000e+00,  0.0000e+00,  0.0000e+00,  ...,  7.0374e-06,
          0.0000e+00,  0.0000e+00],
        [ 0.0000e+00,  0.0000e+00,  0.0000e+00,  ...,  0.0000e+00,
          0.0000e+00,  0.0000e+00],
        [ 0.0000e+00, -1.2827e-07,  0.0000e+00,  ...,  0.0000e+00,
          0.0000e+00,  0.0000e+00],
        ...,
        [ 0.0000e+00,  0.0000e+00,  0.0000e+00,  ...,  0.0000e+00,
          0.0000e+00,  0.0000e+00],
        [ 0.0000e+00,  0.0000e+00,  0.0000e+00,  ...,  0.0000e+00,
          0.0000e+00,  0.0000e+00],
        [ 0.0000e+00,  0.0000e+00,  0.0000e+00,  ...,  0.0000e+00,
          0.0000e+00,  0.0000e+00]], grad_fn=<SumBackward1>)",1.1635334491729736,1174,-0.4251437485218048,1198,1.1132683753967285,"tensor([[  30, 1174]])",-0.42529788613319397,"tensor([[  48, 1198]])"
