,,rel_nodes_new,rel_edges_new,max_nodes_new,pos_max_nodes_new,min_nodes_new,pos_min_nodes_new,max_edges_new,pos_max_edges_new,min_edges_new,pos_min_edges_new
20,"tensor(1668, device='cuda:7')","tensor([0.0000e+00, 5.5961e-05, 0.0000e+00,  ..., 0.0000e+00, 0.0000e+00,
        0.0000e+00], grad_fn=<SumBackward1>)","tensor([[0., 0., 0.,  ..., 0., 0., 0.],
        [0., 0., 0.,  ..., 0., 0., 0.],
        [0., 0., 0.,  ..., 0., 0., 0.],
        ...,
        [0., 0., 0.,  ..., 0., 0., 0.],
        [0., 0., 0.,  ..., 0., 0., 0.],
        [0., 0., 0.,  ..., 0., 0., 0.]], grad_fn=<SumBackward1>)",0.7469359636306763,1849,-0.7822307348251343,1226,0.47824960947036743,"tensor([[  0, 414]])",-0.7822307348251343,"tensor([[  27, 1226]])"
22,"tensor(572, device='cuda:7')","tensor([ 0.0000e+00, -5.2531e-06,  1.4539e-03,  ...,  3.9656e-04,
         0.0000e+00,  1.6707e-03], grad_fn=<SumBackward1>)","tensor([[0.0000, 0.0000, 0.0000,  ..., 0.0000, 0.0000, 0.0000],
        [0.0000, 0.0000, 0.0000,  ..., 0.0000, 0.0000, 0.0000],
        [0.0000, 0.0000, 0.0000,  ..., 0.0000, 0.0000, 0.0000],
        ...,
        [0.0000, 0.0000, 0.0000,  ..., 0.0000, 0.0000, 0.0000],
        [0.0000, 0.0000, 0.0000,  ..., 0.0000, 0.0000, 0.0000],
        [0.0000, 0.0000, 0.0015,  ..., 0.0004, 0.0000, 0.0017]],
       grad_fn=<SumBackward1>)",0.9253445863723755,1226,-0.06737802922725677,1849,0.9089422821998596,"tensor([[  27, 1226]])",-0.0443170890212059,"tensor([[  0, 414]])"
1,"tensor(1501, device='cuda:7')","tensor([ 0.0000e+00, -5.4386e-06,  0.0000e+00,  ...,  0.0000e+00,
         0.0000e+00,  3.4219e-03], grad_fn=<SumBackward1>)","tensor([[0.0000, 0.0000, 0.0000,  ..., 0.0000, 0.0000, 0.0000],
        [0.0000, 0.0000, 0.0000,  ..., 0.0000, 0.0000, 0.0000],
        [0.0000, 0.0000, 0.0000,  ..., 0.0000, 0.0000, 0.0000],
        ...,
        [0.0000, 0.0000, 0.0000,  ..., 0.0000, 0.0000, 0.0000],
        [0.0000, 0.0000, 0.0000,  ..., 0.0000, 0.0000, 0.0000],
        [0.0000, 0.0000, 0.0000,  ..., 0.0000, 0.0000, 0.0035]],
       grad_fn=<SumBackward1>)",0.9292499423027039,1226,-0.07239410281181335,1849,0.9292499423027039,"tensor([[  27, 1226]])",-0.04588152468204498,"tensor([[  0, 414]])"
