{
  "losses": [
    1.2922645807266235,
    1.2202215194702148,
    1.1421819925308228,
    1.2337628602981567,
    1.144123911857605
  ],
  "metrics": {
    "both": {
      "optimistic": {
        "adjusted_arithmetic_mean_rank": 1.8231292517006803,
        "adjusted_arithmetic_mean_rank_index": -0.8344827586206895,
        "adjusted_geometric_mean_rank_index": -1.0551201289697651,
        "adjusted_hits_at_k": -0.07352941176470587,
        "adjusted_inverse_harmonic_mean_rank": -0.031819452605489434,
        "arithmetic_mean_rank": 134.0,
        "count": 2.0,
        "geometric_mean_rank": 133.62634470792054,
        "harmonic_mean_rank": 133.2537313432836,
        "hits_at_1": 0.0,
        "hits_at_10": 0.0,
        "hits_at_3": 0.0,
        "hits_at_5": 0.0,
        "inverse_arithmetic_mean_rank": 0.007462686567164179,
        "inverse_geometric_mean_rank": 0.00748355425111562,
        "inverse_harmonic_mean_rank": 0.007504480286738351,
        "inverse_median_rank": 0.007462686567164179,
        "median_absolute_deviation": 14.82602218505602,
        "median_rank": 134.0,
        "standard_deviation": 10.0,
        "variance": 100.0,
        "z_arithmetic_mean_rank": -2.0301041874651182,
        "z_geometric_mean_rank": -2.0461106705030856,
        "z_hits_at_k": -0.3834824944236852,
        "z_inverse_harmonic_mean_rank": -0.43796753641311864
      },
      "pessimistic": {
        "adjusted_arithmetic_mean_rank": 1.8231292517006803,
        "adjusted_arithmetic_mean_rank_index": -0.8344827586206895,
        "adjusted_geometric_mean_rank_index": -1.0551201289697651,
        "adjusted_hits_at_k": -0.07352941176470587,
        "adjusted_inverse_harmonic_mean_rank": -0.031819452605489434,
        "arithmetic_mean_rank": 134.0,
        "count": 2.0,
        "geometric_mean_rank": 133.62634470792054,
        "harmonic_mean_rank": 133.2537313432836,
        "hits_at_1": 0.0,
        "hits_at_10": 0.0,
        "hits_at_3": 0.0,
        "hits_at_5": 0.0,
        "inverse_arithmetic_mean_rank": 0.007462686567164179,
        "inverse_geometric_mean_rank": 0.00748355425111562,
        "inverse_harmonic_mean_rank": 0.007504480286738351,
        "inverse_median_rank": 0.007462686567164179,
        "median_absolute_deviation": 14.82602218505602,
        "median_rank": 134.0,
        "standard_deviation": 10.0,
        "variance": 100.0,
        "z_arithmetic_mean_rank": -2.0301041874651182,
        "z_geometric_mean_rank": -2.0461106705030856,
        "z_hits_at_k": -0.3834824944236852,
        "z_inverse_harmonic_mean_rank": -0.43796753641311864
      },
      "realistic": {
        "adjusted_arithmetic_mean_rank": 1.8231292517006803,
        "adjusted_arithmetic_mean_rank_index": -0.8344827586206895,
        "adjusted_geometric_mean_rank_index": -1.055119626106746,
        "adjusted_hits_at_k": -0.07352941176470587,
        "adjusted_inverse_harmonic_mean_rank": -0.031819452945582014,
        "arithmetic_mean_rank": 134.0,
        "count": 2.0,
        "geometric_mean_rank": 133.62631225585938,
        "harmonic_mean_rank": 133.25373715200809,
        "hits_at_1": 0.0,
        "hits_at_10": 0.0,
        "hits_at_3": 0.0,
        "hits_at_5": 0.0,
        "inverse_arithmetic_mean_rank": 0.007462686393409967,
        "inverse_geometric_mean_rank": 0.007483555935323238,
        "inverse_harmonic_mean_rank": 0.007504479959607124,
        "inverse_median_rank": 0.007462686393409967,
        "median_absolute_deviation": 14.82602218505602,
        "median_rank": 134.0,
        "standard_deviation": 10.0,
        "variance": 100.0,
        "z_arithmetic_mean_rank": -2.0301041874651182,
        "z_geometric_mean_rank": -2.0461096953407685,
        "z_hits_at_k": -0.3834824944236852,
        "z_inverse_harmonic_mean_rank": -0.437967541094202
      }
    },
    "head": {
      "optimistic": {
        "adjusted_arithmetic_mean_rank": 1.6870748299319727,
        "adjusted_arithmetic_mean_rank_index": -0.6965517241379309,
        "adjusted_geometric_mean_rank_index": -0.696551724137932,
        "adjusted_hits_at_k": -0.07352941176470587,
        "adjusted_inverse_harmonic_mean_rank": -0.03123722743191676,
        "arithmetic_mean_rank": 124.0,
        "count": 1.0,
        "geometric_mean_rank": 124.00000000000003,
        "harmonic_mean_rank": 124.0,
        "hits_at_1": 0.0,
        "hits_at_10": 0.0,
        "hits_at_3": 0.0,
        "hits_at_5": 0.0,
        "inverse_arithmetic_mean_rank": 0.008064516129032258,
        "inverse_geometric_mean_rank": 0.008064516129032256,
        "inverse_harmonic_mean_rank": 0.008064516129032258,
        "inverse_median_rank": 0.008064516129032258,
        "median_absolute_deviation": 0.0,
        "median_rank": 124.0,
        "standard_deviation": 0.0,
        "variance": 0.0,
        "z_arithmetic_mean_rank": -1.1982276378896766,
        "z_geometric_mean_rank": -1.1982276378896775,
        "z_hits_at_k": -0.27116307227332026,
        "z_inverse_harmonic_mean_rank": -0.30402318048913224
      },
      "pessimistic": {
        "adjusted_arithmetic_mean_rank": 1.6870748299319727,
        "adjusted_arithmetic_mean_rank_index": -0.6965517241379309,
        "adjusted_geometric_mean_rank_index": -0.696551724137932,
        "adjusted_hits_at_k": -0.07352941176470587,
        "adjusted_inverse_harmonic_mean_rank": -0.03123722743191676,
        "arithmetic_mean_rank": 124.0,
        "count": 1.0,
        "geometric_mean_rank": 124.00000000000003,
        "harmonic_mean_rank": 124.0,
        "hits_at_1": 0.0,
        "hits_at_10": 0.0,
        "hits_at_3": 0.0,
        "hits_at_5": 0.0,
        "inverse_arithmetic_mean_rank": 0.008064516129032258,
        "inverse_geometric_mean_rank": 0.008064516129032256,
        "inverse_harmonic_mean_rank": 0.008064516129032258,
        "inverse_median_rank": 0.008064516129032258,
        "median_absolute_deviation": 0.0,
        "median_rank": 124.0,
        "standard_deviation": 0.0,
        "variance": 0.0,
        "z_arithmetic_mean_rank": -1.1982276378896766,
        "z_geometric_mean_rank": -1.1982276378896775,
        "z_hits_at_k": -0.27116307227332026,
        "z_inverse_harmonic_mean_rank": -0.30402318048913224
      },
      "realistic": {
        "adjusted_arithmetic_mean_rank": 1.6870748299319727,
        "adjusted_arithmetic_mean_rank_index": -0.6965517241379309,
        "adjusted_geometric_mean_rank_index": -0.6965515136718756,
        "adjusted_hits_at_k": -0.07352941176470587,
        "adjusted_inverse_harmonic_mean_rank": -0.031237227681780697,
        "arithmetic_mean_rank": 124.0,
        "count": 1.0,
        "geometric_mean_rank": 123.99998474121094,
        "harmonic_mean_rank": 124.00000369548809,
        "hits_at_1": 0.0,
        "hits_at_10": 0.0,
        "hits_at_3": 0.0,
        "hits_at_5": 0.0,
        "inverse_arithmetic_mean_rank": 0.008064515888690948,
        "inverse_geometric_mean_rank": 0.008064516820013523,
        "inverse_harmonic_mean_rank": 0.008064515888690948,
        "inverse_median_rank": 0.008064515888690948,
        "median_absolute_deviation": 0.0,
        "median_rank": 124.0,
        "standard_deviation": 0.0,
        "variance": 0.0,
        "z_arithmetic_mean_rank": -1.1982276378896766,
        "z_geometric_mean_rank": -1.198227275840117,
        "z_hits_at_k": -0.27116307227332026,
        "z_inverse_harmonic_mean_rank": -0.3040231829209879
      }
    },
    "tail": {
      "optimistic": {
        "adjusted_arithmetic_mean_rank": 1.9591836734693877,
        "adjusted_arithmetic_mean_rank_index": -0.9724137931034482,
        "adjusted_geometric_mean_rank_index": -0.9724137931034489,
        "adjusted_hits_at_k": -0.07352941176470587,
        "adjusted_inverse_harmonic_mean_rank": -0.0324016777790621,
        "arithmetic_mean_rank": 144.0,
        "count": 1.0,
        "geometric_mean_rank": 144.0,
        "harmonic_mean_rank": 144.0,
        "hits_at_1": 0.0,
        "hits_at_10": 0.0,
        "hits_at_3": 0.0,
        "hits_at_5": 0.0,