,,rel_nodes_new,rel_edges_new,max_nodes_new,pos_max_nodes_new,min_nodes_new,pos_min_nodes_new,max_edges_new,pos_max_edges_new,min_edges_new,pos_min_edges_new
2,"tensor(413, device='cuda:7')","tensor([0.0000e+00, 0.0000e+00, 4.2513e-05,  ..., 2.5224e-02, 0.0000e+00,
        0.0000e+00])","tensor([[ 0.0000e+00,  0.0000e+00, -6.7059e-04,  ..., -7.4578e-02,
          0.0000e+00,  0.0000e+00],
        [ 0.0000e+00,  0.0000e+00,  3.9462e-05,  ..., -3.5845e-02,
          0.0000e+00,  0.0000e+00],
        [ 0.0000e+00,  0.0000e+00, -1.3737e-04,  ..., -1.7288e-02,
          0.0000e+00,  0.0000e+00],
        ...,
        [ 0.0000e+00,  0.0000e+00,  1.2312e-04,  ...,  3.3575e-02,
          0.0000e+00,  0.0000e+00],
        [ 0.0000e+00,  0.0000e+00, -2.5360e-04,  ...,  6.6731e-02,
          0.0000e+00,  0.0000e+00],
        [ 0.0000e+00,  0.0000e+00,  2.3498e-04,  ...,  2.1249e-02,
          0.0000e+00,  0.0000e+00]])",0.6757891178131104,1717,-0.37365198135375977,1285,19.73371124267578,"tensor([[ 16, 410]])",-13.448511123657227,"tensor([[12, 31]])"
16,"tensor(136, device='cuda:7')","tensor([0., 0., 0.,  ..., 0., 0., 0.])","tensor([[0., 0., 0.,  ..., 0., 0., 0.],
        [0., 0., 0.,  ..., 0., 0., 0.],
        [0., 0., 0.,  ..., 0., 0., 0.],
        ...,
        [0., 0., 0.,  ..., 0., 0., 0.],
        [0., 0., 0.,  ..., 0., 0., 0.],
        [0., 0., 0.,  ..., 0., 0., 0.]])",1.0894091129302979,136,-0.17659646272659302,977,39.82172393798828,"tensor([[   0, 1973]])",-44.715492248535156,"tensor([[  13, 1973]])"
34,"tensor(2634, device='cuda:7')","tensor([ 0.0000e+00,  0.0000e+00, -4.6425e-05,  ..., -3.4566e-06,
         0.0000e+00,  0.0000e+00])","tensor([[ 0.0000e+00,  0.0000e+00,  7.2977e-04,  ...,  1.6313e-05,
          0.0000e+00,  0.0000e+00],
        [ 0.0000e+00,  0.0000e+00, -4.2756e-05,  ...,  4.3547e-06,
          0.0000e+00,  0.0000e+00],
        [ 0.0000e+00,  0.0000e+00,  1.4997e-04,  ...,  2.4197e-06,
          0.0000e+00,  0.0000e+00],
        ...,
        [ 0.0000e+00,  0.0000e+00, -1.3452e-04,  ..., -8.2214e-06,
          0.0000e+00,  0.0000e+00],
        [ 0.0000e+00,  0.0000e+00,  2.7673e-04,  ..., -8.7961e-06,
          0.0000e+00,  0.0000e+00],
        [ 0.0000e+00,  0.0000e+00, -2.5625e-04,  ...,  1.8261e-06,
          0.0000e+00,  0.0000e+00]])",0.6416597366333008,2634,-0.20590154826641083,754,15.0879487991333,"tensor([[  16, 2634]])",-11.211118698120117,"tensor([[   7, 2634]])"
