,,rel_nodes_new,rel_edges_new,max_nodes_new,pos_max_nodes_new,min_nodes_new,pos_min_nodes_new,max_edges_new,pos_max_edges_new,min_edges_new,pos_min_edges_new
2,"tensor(413, device='cuda:7')","tensor([0.0000e+00, 0.0000e+00, 3.8230e-05,  ..., 1.6785e-02, 0.0000e+00,
        0.0000e+00])","tensor([[ 0.0000e+00,  0.0000e+00, -5.7497e-04,  ..., -1.4599e-01,
          0.0000e+00,  0.0000e+00],
        [ 0.0000e+00,  0.0000e+00,  3.6636e-05,  ..., -4.5074e-02,
          0.0000e+00,  0.0000e+00],
        [ 0.0000e+00,  0.0000e+00, -1.0135e-04,  ..., -8.8883e-04,
          0.0000e+00,  0.0000e+00],
        ...,
        [ 0.0000e+00,  0.0000e+00,  1.0042e-04,  ...,  5.6027e-02,
          0.0000e+00,  0.0000e+00],
        [ 0.0000e+00,  0.0000e+00, -1.9147e-04,  ...,  1.0256e-01,
          0.0000e+00,  0.0000e+00],
        [ 0.0000e+00,  0.0000e+00,  1.8279e-04,  ...,  4.5852e-02,
          0.0000e+00,  0.0000e+00]])",0.6580271124839783,1717,-0.3667421340942383,1285,18.89527130126953,"tensor([[ 16, 410]])",-13.39234447479248,"tensor([[12, 31]])"
34,"tensor(2634, device='cuda:7')","tensor([ 0.0000e+00,  0.0000e+00, -4.6425e-05,  ..., -3.4566e-06,
         0.0000e+00,  0.0000e+00])","tensor([[ 0.0000e+00,  0.0000e+00,  7.2977e-04,  ...,  1.6313e-05,
          0.0000e+00,  0.0000e+00],
        [ 0.0000e+00,  0.0000e+00, -4.2756e-05,  ...,  4.3547e-06,
          0.0000e+00,  0.0000e+00],
        [ 0.0000e+00,  0.0000e+00,  1.4997e-04,  ...,  2.4197e-06,
          0.0000e+00,  0.0000e+00],
        ...,
        [ 0.0000e+00,  0.0000e+00, -1.3452e-04,  ..., -8.2214e-06,
          0.0000e+00,  0.0000e+00],
        [ 0.0000e+00,  0.0000e+00,  2.7673e-04,  ..., -8.7961e-06,
          0.0000e+00,  0.0000e+00],
        [ 0.0000e+00,  0.0000e+00, -2.5625e-04,  ...,  1.8261e-06,
          0.0000e+00,  0.0000e+00]])",0.6416597366333008,2634,-0.20590154826641083,754,15.0879487991333,"tensor([[  16, 2634]])",-11.211118698120117,"tensor([[   7, 2634]])"
16,"tensor(136, device='cuda:7')","tensor([0., 0., 0.,  ..., 0., 0., 0.])","tensor([[0., 0., 0.,  ..., 0., 0., 0.],
        [0., 0., 0.,  ..., 0., 0., 0.],
        [0., 0., 0.,  ..., 0., 0., 0.],
        ...,
        [0., 0., 0.,  ..., 0., 0., 0.],
        [0., 0., 0.,  ..., 0., 0., 0.],
        [0., 0., 0.,  ..., 0., 0., 0.]])",1.5068814754486084,136,-0.9574601054191589,296,19.9167423248291,"tensor([[   5, 2350]])",-29.303573608398438,"tensor([[  16, 2350]])"
