,,rel_nodes_new,rel_edges_new,max_nodes_new,pos_max_nodes_new,min_nodes_new,pos_min_nodes_new,max_edges_new,pos_max_edges_new,min_edges_new,pos_min_edges_new
2,"tensor(413, device='cuda:7')","tensor([0.0000e+00, 0.0000e+00, 4.2513e-05,  ..., 2.5224e-02, 0.0000e+00,
        0.0000e+00])","tensor([[ 0.0000e+00,  0.0000e+00, -6.7059e-04,  ..., -7.4578e-02,
          0.0000e+00,  0.0000e+00],
        [ 0.0000e+00,  0.0000e+00,  3.9462e-05,  ..., -3.5845e-02,
          0.0000e+00,  0.0000e+00],
        [ 0.0000e+00,  0.0000e+00, -1.3737e-04,  ..., -1.7288e-02,
          0.0000e+00,  0.0000e+00],
        ...,
        [ 0.0000e+00,  0.0000e+00,  1.2312e-04,  ...,  3.3575e-02,
          0.0000e+00,  0.0000e+00],
        [ 0.0000e+00,  0.0000e+00, -2.5360e-04,  ...,  6.6731e-02,
          0.0000e+00,  0.0000e+00],
        [ 0.0000e+00,  0.0000e+00,  2.3498e-04,  ...,  2.1249e-02,
          0.0000e+00,  0.0000e+00]])",0.6757891178131104,1717,-0.37365198135375977,1285,19.73371124267578,"tensor([[ 16, 410]])",-13.448511123657227,"tensor([[12, 31]])"
34,"tensor(2634, device='cuda:7')","tensor([ 0.0000e+00,  0.0000e+00, -6.0716e-05,  ..., -9.0044e-06,
         0.0000e+00,  0.0000e+00])","tensor([[ 0.0000e+00,  0.0000e+00,  9.5265e-04,  ...,  4.7655e-05,
          0.0000e+00,  0.0000e+00],
        [ 0.0000e+00,  0.0000e+00, -5.5674e-05,  ...,  1.3929e-05,
          0.0000e+00,  0.0000e+00],
        [ 0.0000e+00,  0.0000e+00,  1.9605e-04,  ...,  7.8234e-06,
          0.0000e+00,  0.0000e+00],
        ...,
        [ 0.0000e+00,  0.0000e+00, -1.7610e-04,  ..., -2.5351e-05,
          0.0000e+00,  0.0000e+00],
        [ 0.0000e+00,  0.0000e+00,  3.6168e-04,  ..., -2.8464e-05,
          0.0000e+00,  0.0000e+00],
        [ 0.0000e+00,  0.0000e+00, -3.3496e-04,  ...,  3.3308e-06,
          0.0000e+00,  0.0000e+00]])",0.41298937797546387,1605,-0.12843436002731323,754,8.724556922912598,"tensor([[   5, 2350]])",-12.847346305847168,"tensor([[  16, 2350]])"
16,"tensor(136, device='cuda:7')","tensor([0., 0., 0.,  ..., 0., 0., 0.])","tensor([[0., 0., 0.,  ..., 0., 0., 0.],
        [0., 0., 0.,  ..., 0., 0., 0.],
        [0., 0., 0.,  ..., 0., 0., 0.],
        ...,
        [0., 0., 0.,  ..., 0., 0., 0.],
        [0., 0., 0.,  ..., 0., 0., 0.],
        [0., 0., 0.,  ..., 0., 0., 0.]])",1.0894091129302979,136,-0.17659646272659302,977,39.82172393798828,"tensor([[   0, 1973]])",-44.715492248535156,"tensor([[  13, 1973]])"
