,,rel_nodes_new,rel_edges_new,max_nodes_new,pos_max_nodes_new,min_nodes_new,pos_min_nodes_new,max_edges_new,pos_max_edges_new,min_edges_new,pos_min_edges_new
27,"tensor(682, device='cuda:7')","tensor([0., 0., 0.,  ..., 0., 0., 0.])","tensor([[0., 0., 0.,  ..., 0., 0., 0.],
        [0., 0., 0.,  ..., 0., 0., 0.],
        [0., 0., 0.,  ..., 0., 0., 0.],
        ...,
        [0., 0., 0.,  ..., 0., 0., 0.],
        [0., 0., 0.,  ..., 0., 0., 0.],
        [0., 0., 0.,  ..., 0., 0., 0.]])",0.5717834830284119,682,-0.023057937622070312,647,48.55830001831055,"tensor([[  1, 840]])",-18.18413543701172,"tensor([[  5, 840]])"
23,"tensor(821, device='cuda:7')","tensor([0., 0., 0.,  ..., 0., 0., 0.])","tensor([[0., 0., 0.,  ..., 0., 0., 0.],
        [0., 0., 0.,  ..., 0., 0., 0.],
        [0., 0., 0.,  ..., 0., 0., 0.],
        ...,
        [0., 0., 0.,  ..., 0., 0., 0.],
        [0., 0., 0.,  ..., 0., 0., 0.],
        [0., 0., 0.,  ..., 0., 0., 0.]])",1.1323646306991577,2731,-1.9671263694763184,1239,8.487136840820312,"tensor([[   1, 1005]])",-5.101156234741211,"tensor([[   0, 1849]])"
26,"tensor(129, device='cuda:7')","tensor([ 0.0000,  0.0000,  0.0000,  ..., -0.0073,  0.0000, -0.0011])","tensor([[ 0.0000e+00,  0.0000e+00,  0.0000e+00,  ..., -1.1034e-02,
          0.0000e+00, -2.4370e-03],
        [ 0.0000e+00,  0.0000e+00,  0.0000e+00,  ...,  1.2304e-01,
          0.0000e+00, -5.4733e-03],
        [ 0.0000e+00,  0.0000e+00,  0.0000e+00,  ..., -2.7611e-03,
          0.0000e+00, -3.1327e-03],
        ...,
        [ 0.0000e+00,  0.0000e+00,  0.0000e+00,  ..., -5.0055e-03,
          0.0000e+00, -1.2231e-03],
        [ 0.0000e+00,  0.0000e+00,  0.0000e+00,  ..., -2.3448e-03,
          0.0000e+00,  7.4413e-05],
        [ 0.0000e+00,  0.0000e+00,  0.0000e+00,  ...,  1.7206e-03,
          0.0000e+00, -4.1941e-04]])",17.827880859375,2281,-17.818206787109375,2080,1042.7841796875,"tensor([[   4, 2281]])",-1836.74365234375,"tensor([[  13, 2281]])"
