,,rel_nodes_new,rel_edges_new,max_nodes_new,pos_max_nodes_new,min_nodes_new,pos_min_nodes_new,max_edges_new,pos_max_edges_new,min_edges_new,pos_min_edges_new
35,"tensor(787, device='cuda:7')","tensor([ 0.0000,  0.0000, -0.0038,  ...,  0.0000,  0.0000,  0.0000])","tensor([[ 0.0000,  0.0000, -1.9543,  ...,  0.0000,  0.0000,  0.0000],
        [ 0.0000,  0.0000,  0.1985,  ...,  0.0000,  0.0000,  0.0000],
        [ 0.0000,  0.0000,  0.4867,  ...,  0.0000,  0.0000,  0.0000],
        ...,
        [ 0.0000,  0.0000,  0.0770,  ...,  0.0000,  0.0000,  0.0000],
        [ 0.0000,  0.0000,  0.0126,  ...,  0.0000,  0.0000,  0.0000],
        [ 0.0000,  0.0000, -0.1436,  ...,  0.0000,  0.0000,  0.0000]])",1.7091484069824219,651,-1.301489233970642,1931,17.169981002807617,"tensor([[  1, 632]])",-25.90542221069336,"tensor([[  5, 521]])"
5,"tensor(323, device='cuda:7')","tensor([0., 0., 0.,  ..., 0., 0., 0.])","tensor([[0., 0., 0.,  ..., 0., 0., 0.],
        [0., 0., 0.,  ..., 0., 0., 0.],
        [0., 0., 0.,  ..., 0., 0., 0.],
        ...,
        [0., 0., 0.,  ..., 0., 0., 0.],
        [0., 0., 0.,  ..., 0., 0., 0.],
        [0., 0., 0.,  ..., 0., 0., 0.]])",2.7859325408935547,323,-0.4726253151893616,2755,31.05683135986328,"tensor([[  14, 1849]])",-27.42552375793457,"tensor([[   0, 1849]])"
7,"tensor(2200, device='cuda:7')","tensor([0., 0., 0.,  ..., 0., 0., 0.])","tensor([[0., 0., 0.,  ..., 0., 0., 0.],
        [0., 0., 0.,  ..., 0., 0., 0.],
        [0., 0., 0.,  ..., 0., 0., 0.],
        ...,
        [0., 0., 0.,  ..., 0., 0., 0.],
        [0., 0., 0.,  ..., 0., 0., 0.],
        [0., 0., 0.,  ..., 0., 0., 0.]])",2.1161844730377197,423,-1.3717468976974487,2776,249.2294464111328,"tensor([[  4, 999]])",-308.82769775390625,"tensor([[  1, 999]])"
