{
  "losses": [
    0.9968870036303997,
    0.8328561596572399,
    0.7052924536168576,
    0.6179989475756884,
    0.547546773776412
  ],
  "metrics": {
    "both": {
      "optimistic": {
        "adjusted_arithmetic_mean_rank": 1.4889593610523846,
        "adjusted_arithmetic_mean_rank_index": -0.4893041842971324,
        "adjusted_geometric_mean_rank_index": -0.827924158578869,
        "adjusted_hits_at_k": -0.003537318712415988,
        "adjusted_inverse_harmonic_mean_rank": -0.0025142535896480376,
        "arithmetic_mean_rank": 2112.8333333333335,
        "count": 6.0,
        "geometric_mean_rank": 2057.7482445904334,
        "harmonic_mean_rank": 2002.9678279011193,
        "hits_at_1": 0.0,
        "hits_at_10": 0.0,
        "hits_at_3": 0.0,
        "hits_at_5": 0.0,
        "inverse_arithmetic_mean_rank": 0.00047329809891930263,
        "inverse_geometric_mean_rank": 0.00048596809771500317,
        "inverse_harmonic_mean_rank": 0.0004992591423936576,
        "inverse_median_rank": 0.00046382189239332097,
        "median_absolute_deviation": 684.2209238403353,
        "median_rank": 2156.0,
        "standard_deviation": 476.4684028231976,
        "variance": 227022.13888888888,
        "z_arithmetic_mean_rank": -2.0752102311947356,
        "z_geometric_mean_rank": -2.285563586431039,
        "z_hits_at_k": -0.14568428973124015,
        "z_inverse_harmonic_mean_rank": -0.25703401298965667
      },
      "pessimistic": {
        "adjusted_arithmetic_mean_rank": 1.4889593610523846,
        "adjusted_arithmetic_mean_rank_index": -0.4893041842971324,
        "adjusted_geometric_mean_rank_index": -0.827924158578869,
        "adjusted_hits_at_k": -0.003537318712415988,
        "adjusted_inverse_harmonic_mean_rank": -0.0025142535896480376,
        "arithmetic_mean_rank": 2112.8333333333335,
        "count": 6.0,
        "geometric_mean_rank": 2057.7482445904334,
        "harmonic_mean_rank": 2002.9678279011193,
        "hits_at_1": 0.0,
        "hits_at_10": 0.0,
        "hits_at_3": 0.0,
        "hits_at_5": 0.0,
        "inverse_arithmetic_mean_rank": 0.00047329809891930263,
        "inverse_geometric_mean_rank": 0.00048596809771500317,
        "inverse_harmonic_mean_rank": 0.0004992591423936576,
        "inverse_median_rank": 0.00046382189239332097,
        "median_absolute_deviation": 684.2209238403353,
        "median_rank": 2156.0,
        "standard_deviation": 476.4684028231976,
        "variance": 227022.13888888888,
        "z_arithmetic_mean_rank": -2.0752102311947356,
        "z_geometric_mean_rank": -2.285563586431039,
        "z_hits_at_k": -0.14568428973124015,
        "z_inverse_harmonic_mean_rank": -0.25703401298965667
      },
      "realistic": {
        "adjusted_arithmetic_mean_rank": 1.4889593037019908,
        "adjusted_arithmetic_mean_rank_index": -0.4893041269062941,
        "adjusted_geometric_mean_rank_index": -0.8279237658816267,
        "adjusted_hits_at_k": -0.003537318712415988,
        "adjusted_inverse_harmonic_mean_rank": -0.0025142535753581215,
        "arithmetic_mean_rank": 2112.833251953125,
        "count": 6.0,
        "geometric_mean_rank": 2057.747802734375,
        "harmonic_mean_rank": 2002.9677707440196,
        "hits_at_1": 0.0,
        "hits_at_10": 0.0,
        "hits_at_3": 0.0,
        "hits_at_5": 0.0,
        "inverse_arithmetic_mean_rank": 0.0004732981033157557,
        "inverse_geometric_mean_rank": 0.00048596819397062063,
        "inverse_harmonic_mean_rank": 0.000499259156640619,
        "inverse_median_rank": 0.00046382189611904323,
        "median_absolute_deviation": 684.2209238403353,
        "median_rank": 2156.0,
        "standard_deviation": 476.4683837890625,
        "variance": 227022.125,
        "z_arithmetic_mean_rank": -2.075209987791842,
        "z_geometric_mean_rank": -2.2855625023528563,
        "z_hits_at_k": -0.14568428973124015,
        "z_inverse_harmonic_mean_rank": -0.2570340115287879
      }
    },
    "head": {
      "optimistic": {
        "adjusted_arithmetic_mean_rank": 1.3152454780361758,
        "adjusted_arithmetic_mean_rank_index": -0.31546779501645505,
        "adjusted_geometric_mean_rank_index": -0.5169630159565601,
        "adjusted_hits_at_k": -0.0035373187124159884,
        "adjusted_inverse_harmonic_mean_rank": -0.0024490873419796473,
        "arithmetic_mean_rank": 1866.3333333333333,
        "count": 3.0,
        "geometric_mean_rank": 1816.3045330786708,
        "harmonic_mean_rank": 1772.3284483222699,
        "hits_at_1": 0.0,
        "hits_at_10": 0.0,
        "hits_at_3": 0.0,
        "hits_at_5": 0.0,
        "inverse_arithmetic_mean_rank": 0.0005358099660653688,
        "inverse_geometric_mean_rank": 0.0005505684656883947,
        "inverse_harmonic_mean_rank": 0.0005642295032541089,
        "inverse_median_rank": 0.0006321112515802782,
        "median_absolute_deviation": 103.78215529539213,
        "median_rank": 1582.0,
        "standard_deviation": 452.50880899958423,
        "variance": 204764.22222222222,
        "z_arithmetic_mean_rank": -0.9460698508063903,
        "z_geometric_mean_rank": -1.1190573775756865,
        "z_hits_at_k": -0.10301434918130563,
        "z_inverse_harmonic_mean_rank": -0.17703975249730342
      },
      "pessimistic": {
        "adjusted_arithmetic_mean_rank": 1.3152454780361758,
        "adjusted_arithmetic_mean_rank_index": -0.31546779501645505,
        "adjusted_geometric_mean_rank_index": -0.5169630159565601,
        "adjusted_hits_at_k": -0.0035373187124159884,
        "adjusted_inverse_harmonic_mean_rank": -0.0024490873419796473,
        "arithmetic_mean_rank": 1866.3333333333333,
        "count": 3.0,
        "geometric_mean_rank": 1816.3045330786708,
        "harmonic_mean_rank": 1772.3284483222699,
        "hits_at_1": 0.0,
        "hits_at_10": 0.0,
        "hits_at_3": 0.0,
        "hits_at_5": 0.0,
        "inverse_arithmetic_mean_rank": 0.0005358099660653688,
        "inverse_geometric_mean_rank": 0.0005505684656883947,
        "inverse_harmonic_mean_rank": 0.0005642295032541089,
        "inverse_median_rank": 0.0006321112515802782,
        "median_absolute_deviation": 103.78215529539213,
        "median_rank": 1582.0,
        "standard_deviation": 452.50880899958423,
        "variance": 204764.22222222222,
        "z_arithmetic_mean_rank": -0.9460698508063903,
        "z_geometric_mean_rank": -1.1190573775756865,
        "z_hits_at_k": -0.10301434918130563,
        "z_inverse_harmonic_mean_rank": -0.17703975249730342
      },
      "realistic": {
        "adjusted_arithmetic_mean_rank": 1.3152455067113724,
        "adjusted_arithmetic_mean_rank_index": -0.3154678237118742,
        "adjusted_geometric_mean_rank_index": -0.5169626349575105,
        "adjusted_hits_at_k": -0.0035373187124159884,
        "adjusted_inverse_harmonic_mean_rank": -0.0024490873452291894,
        "arithmetic_mean_rank": 1866.3333740234375,
        "count": 3.0,
        "geometric_mean_rank": 1816.3040771484375,
        "harmonic_mean_rank": 1772.32845849888,
        "hits_at_1": 0.0,
        "hits_at_10": 0.0,
        "hits_at_3": 0.0,
        "hits_at_5": 0.0,
        "inverse_arithmetic_mean_rank": 0.0005358099588192999,
        "inverse_geometric_mean_rank": 0.0005505686276592314,
        "inverse_harmonic_mean_rank": 0.0005642295000143349,
        "inverse_median_rank": 0.0006321112741716206,
        "median_absolute_deviation": 103.78215529539213,
        "median_rank": 1582.0,
        "standard_deviation": 452.5088195800781,
        "variance": 204764.234375,
        "z_arithmetic_mean_rank": -0.9460699368623087,
        "z_geometric_mean_rank": -1.1190565528362288,
        "z_hits_at_k": -0.10301434918130563,
        "z_inverse_harmonic_mean_rank": -0.17703975273220646
      }
    },
    "tail": {
      "optimistic": {
        "adjusted_arithmetic_mean_rank": 1.6626732440685932,
        "adjusted_arithmetic_mean_rank_index": -0.6631405735778093,
        "adjusted_geometric_mean_rank_index": -0.947309506032026,