,,rel_nodes_new,rel_edges_new,max_nodes_new,pos_max_nodes_new,min_nodes_new,pos_min_nodes_new,max_edges_new,pos_max_edges_new,min_edges_new,pos_min_edges_new
32,"tensor(633, device='cuda:7')","tensor([0., 0., 0.,  ..., 0., 0., 0.])","tensor([[0., 0., 0.,  ..., 0., 0., 0.],
        [0., 0., 0.,  ..., 0., 0., 0.],
        [0., 0., 0.,  ..., 0., 0., 0.],
        ...,
        [0., 0., 0.,  ..., 0., 0., 0.],
        [0., 0., 0.,  ..., 0., 0., 0.],
        [0., 0., 0.,  ..., 0., 0., 0.]])",0.7042252421379089,1250,-0.5259841680526733,628,1.5005995035171509,"tensor([[  16, 1038]])",-3.030287027359009,"tensor([[ 16, 633]])"
27,"tensor(2445, device='cuda:7')","tensor([0.0000, 0.0000, 2.2243,  ..., 0.0000, 0.0000, 0.0000])","tensor([[ 0.0000,  0.0000, -1.2730,  ...,  0.0000,  0.0000,  0.0000],
        [ 0.0000,  0.0000, -6.2764,  ...,  0.0000,  0.0000,  0.0000],
        [ 0.0000,  0.0000,  1.0637,  ...,  0.0000,  0.0000,  0.0000],
        ...,
        [ 0.0000,  0.0000, -0.1820,  ...,  0.0000,  0.0000,  0.0000],
        [ 0.0000,  0.0000, -0.9733,  ...,  0.0000,  0.0000,  0.0000],
        [ 0.0000,  0.0000, -0.4688,  ...,  0.0000,  0.0000,  0.0000]])",2.249204635620117,1973,-3.052898406982422,2445,175.65907287597656,"tensor([[  3, 260]])",-130.6732635498047,"tensor([[ 16, 260]])"
25,"tensor(206, device='cuda:7')","tensor([0.0000e+00, 0.0000e+00, 0.0000e+00,  ..., 0.0000e+00, 8.7482e-07,
        0.0000e+00])","tensor([[ 0.0000e+00,  0.0000e+00,  0.0000e+00,  ...,  0.0000e+00,
         -3.1886e-07,  0.0000e+00],
        [ 0.0000e+00,  0.0000e+00,  0.0000e+00,  ...,  0.0000e+00,
         -2.0279e-06,  0.0000e+00],
        [ 0.0000e+00,  0.0000e+00,  0.0000e+00,  ...,  0.0000e+00,
          2.0335e-07,  0.0000e+00],
        ...,
        [ 0.0000e+00,  0.0000e+00,  0.0000e+00,  ...,  0.0000e+00,
          1.1289e-06,  0.0000e+00],
        [ 0.0000e+00,  0.0000e+00,  0.0000e+00,  ...,  0.0000e+00,
          5.4718e-07,  0.0000e+00],
        [ 0.0000e+00,  0.0000e+00,  0.0000e+00,  ...,  0.0000e+00,
          4.3206e-07,  0.0000e+00]])",0.567937970161438,61,-0.5198937654495239,1256,3.838693141937256,"tensor([[ 8, 61]])",-5.265224933624268,"tensor([[ 1, 61]])"
