,,rel_nodes_new,rel_edges_new,max_nodes_new,pos_max_nodes_new,min_nodes_new,pos_min_nodes_new,max_edges_new,pos_max_edges_new,min_edges_new,pos_min_edges_new
33,"tensor(300, device='cuda:7')","tensor([ 0.0000,  0.0000,  0.0000,  ...,  0.0000,  0.0000, -0.0035])","tensor([[ 0.0000,  0.0000,  0.0000,  ...,  0.0000,  0.0000, -0.0028],
        [ 0.0000,  0.0000,  0.0000,  ...,  0.0000,  0.0000, -0.0154],
        [ 0.0000,  0.0000,  0.0000,  ...,  0.0000,  0.0000,  0.0247],
        ...,
        [ 0.0000,  0.0000,  0.0000,  ...,  0.0000,  0.0000, -0.0004],
        [ 0.0000,  0.0000,  0.0000,  ...,  0.0000,  0.0000, -0.0017],
        [ 0.0000,  0.0000,  0.0000,  ...,  0.0000,  0.0000,  0.0007]])",1.2205705642700195,300,-0.6562180519104004,1755,5486.201171875,"tensor([[  10, 2194]])",-9191.068359375,"tensor([[   8, 2194]])"
18,"tensor(1916, device='cuda:7')","tensor([0.0000e+00, 0.0000e+00, 3.5216e-06,  ..., 0.0000e+00, 0.0000e+00,
        0.0000e+00])","tensor([[ 0.0000e+00,  0.0000e+00, -4.1305e-07,  ...,  0.0000e+00,
          0.0000e+00,  0.0000e+00],
        [ 0.0000e+00,  0.0000e+00,  7.9708e-06,  ...,  0.0000e+00,
          0.0000e+00,  0.0000e+00],
        [ 0.0000e+00,  0.0000e+00, -1.0902e-05,  ...,  0.0000e+00,
          0.0000e+00,  0.0000e+00],
        ...,
        [ 0.0000e+00,  0.0000e+00,  3.3519e-07,  ...,  0.0000e+00,
          0.0000e+00,  0.0000e+00],
        [ 0.0000e+00,  0.0000e+00,  1.1140e-06,  ...,  0.0000e+00,
          0.0000e+00,  0.0000e+00],
        [ 0.0000e+00,  0.0000e+00,  1.0321e-06,  ...,  0.0000e+00,
          0.0000e+00,  0.0000e+00]])",34.799468994140625,1079,-27.711578369140625,1408,11018.251953125,"tensor([[  18, 1916]])",-10625.0576171875,"tensor([[   2, 1916]])"
7,"tensor(1265, device='cuda:7')","tensor([0., 0., 0.,  ..., 0., 0., 0.])","tensor([[0., 0., 0.,  ..., 0., 0., 0.],
        [0., 0., 0.,  ..., 0., 0., 0.],
        [0., 0., 0.,  ..., 0., 0., 0.],
        ...,
        [0., 0., 0.,  ..., 0., 0., 0.],
        [0., 0., 0.,  ..., 0., 0., 0.],
        [0., 0., 0.,  ..., 0., 0., 0.]])",1.8191202878952026,949,-1.5521235466003418,1135,1930.7412109375,"tensor([[  10, 2194]])",-3234.576416015625,"tensor([[   8, 2194]])"
