,,rel_nodes_new,rel_edges_new,max_nodes_new,pos_max_nodes_new,min_nodes_new,pos_min_nodes_new,max_edges_new,pos_max_edges_new,min_edges_new,pos_min_edges_new
32,"tensor(633, device='cuda:7')","tensor([0., 0., 0.,  ..., 0., 0., 0.])","tensor([[0., 0., 0.,  ..., 0., 0., 0.],
        [0., 0., 0.,  ..., 0., 0., 0.],
        [0., 0., 0.,  ..., 0., 0., 0.],
        ...,
        [0., 0., 0.,  ..., 0., 0., 0.],
        [0., 0., 0.,  ..., 0., 0., 0.],
        [0., 0., 0.,  ..., 0., 0., 0.]])",2.2229995727539062,2119,-2.0778379440307617,891,151.7237548828125,"tensor([[   0, 2119]])",-107.92063903808594,"tensor([[  16, 2119]])"
27,"tensor(2445, device='cuda:7')","tensor([0., 0., 0.,  ..., 0., 0., 0.])","tensor([[0., 0., 0.,  ..., 0., 0., 0.],
        [0., 0., 0.,  ..., 0., 0., 0.],
        [0., 0., 0.,  ..., 0., 0., 0.],
        ...,
        [0., 0., 0.,  ..., 0., 0., 0.],
        [0., 0., 0.,  ..., 0., 0., 0.],
        [0., 0., 0.,  ..., 0., 0., 0.]])",0.7149176597595215,2445,-0.2252187728881836,526,88.86365509033203,"tensor([[  0, 592]])",-107.54491424560547,"tensor([[  1, 592]])"
25,"tensor(206, device='cuda:7')","tensor([0.0000e+00, 2.7652e-02, 0.0000e+00,  ..., 0.0000e+00, 9.8461e-07,
        0.0000e+00])","tensor([[ 0.0000e+00,  3.3309e-02,  0.0000e+00,  ...,  0.0000e+00,
         -3.4585e-07,  0.0000e+00],
        [ 0.0000e+00, -1.1283e-01,  0.0000e+00,  ...,  0.0000e+00,
         -2.2543e-06,  0.0000e+00],
        [ 0.0000e+00,  2.5989e-02,  0.0000e+00,  ...,  0.0000e+00,
          2.2845e-07,  0.0000e+00],
        ...,
        [ 0.0000e+00,  1.5813e-02,  0.0000e+00,  ...,  0.0000e+00,
          1.2573e-06,  0.0000e+00],
        [ 0.0000e+00,  2.3869e-02,  0.0000e+00,  ...,  0.0000e+00,
          6.0401e-07,  0.0000e+00],
        [ 0.0000e+00,  5.9695e-02,  0.0000e+00,  ...,  0.0000e+00,
          4.7476e-07,  0.0000e+00]])",0.5983765125274658,61,-0.5847916603088379,1256,4.216488838195801,"tensor([[ 8, 61]])",-5.784639835357666,"tensor([[ 1, 61]])"
