,,rel_nodes_new,rel_edges_new,max_nodes_new,pos_max_nodes_new,min_nodes_new,pos_min_nodes_new,max_edges_new,pos_max_edges_new,min_edges_new,pos_min_edges_new
7,"tensor(2729, device='cuda:7')","tensor([ 4.9507e-05, -3.9645e-07,  0.0000e+00,  ...,  1.6343e-06,
         0.0000e+00,  0.0000e+00], grad_fn=<SumBackward1>)","tensor([[0.0000e+00, 0.0000e+00, 0.0000e+00,  ..., 0.0000e+00, 0.0000e+00,
         0.0000e+00],
        [0.0000e+00, 0.0000e+00, 0.0000e+00,  ..., 0.0000e+00, 0.0000e+00,
         0.0000e+00],
        [4.9507e-05, 0.0000e+00, 0.0000e+00,  ..., 0.0000e+00, 0.0000e+00,
         0.0000e+00],
        ...,
        [0.0000e+00, 0.0000e+00, 0.0000e+00,  ..., 0.0000e+00, 0.0000e+00,
         0.0000e+00],
        [0.0000e+00, 0.0000e+00, 0.0000e+00,  ..., 0.0000e+00, 0.0000e+00,
         0.0000e+00],
        [0.0000e+00, 0.0000e+00, 0.0000e+00,  ..., 0.0000e+00, 0.0000e+00,
         0.0000e+00]], grad_fn=<SumBackward1>)",2.210364818572998,1738,-2.5923101902008057,580,2.155102252960205,"tensor([[   0, 1738]])",-2.523319721221924,"tensor([[  0, 580]])"
32,"tensor(1189, device='cuda:7')","tensor([ 0.0000e+00,  3.3890e-08,  0.0000e+00,  ..., -6.3553e-07,
         0.0000e+00,  0.0000e+00], grad_fn=<SumBackward1>)","tensor([[0., 0., 0.,  ..., 0., 0., 0.],
        [0., 0., 0.,  ..., 0., 0., 0.],
        [0., 0., 0.,  ..., 0., 0., 0.],
        ...,
        [0., 0., 0.,  ..., 0., 0., 0.],
        [0., 0., 0.,  ..., 0., 0., 0.],
        [0., 0., 0.,  ..., 0., 0., 0.]], grad_fn=<SumBackward1>)",1.4818499088287354,1912,-0.348031610250473,1738,1.482858657836914,"tensor([[  26, 1912]])",-0.33090347051620483,"tensor([[   0, 1738]])"
34,"tensor(2228, device='cuda:7')","tensor([ 0.0000e+00,  3.4635e-08,  0.0000e+00,  ..., -6.4949e-07,
         0.0000e+00,  0.0000e+00], grad_fn=<SumBackward1>)","tensor([[0., 0., 0.,  ..., 0., 0., 0.],
        [0., 0., 0.,  ..., 0., 0., 0.],
        [0., 0., 0.,  ..., 0., 0., 0.],
        ...,
        [0., 0., 0.,  ..., 0., 0., 0.],
        [0., 0., 0.,  ..., 0., 0., 0.],
        [0., 0., 0.,  ..., 0., 0., 0.]], grad_fn=<SumBackward1>)",1.4553632736206055,660,-0.1632116138935089,1738,1.1947308778762817,"tensor([[ 26, 660]])",-0.14570710062980652,"tensor([[   0, 1738]])"
